benchmark_id,ticker,publication_datetime,previous_sentence,full_sentence,next_sentence,detected_numeric_tokens,normalized_label,seed_concept,seed_scope,seed_dilution,seed_tax_basis,seed_capex_basis,seed_lease_inclusion,seed_margin_denominator,seed_attribution,seed_alias_role,seed_value_pattern,seed_valuation_eligibility,seed_should_abstain,gold_concept,gold_scope,gold_dilution,gold_tax_basis,gold_capex_basis,gold_lease_inclusion,gold_basis_evidence,gold_margin_denominator,gold_attribution,gold_alias_role,gold_value_pattern,gold_valuation_eligibility,gold_should_abstain,reviewer_notes,review_decision
BENCH-0001,LAB.JO,2025-11-14 16:40,"Commission or the Takeover Regulation Panel. Normal warranties have been provided, with each",party remaining responsible for its own taxation. No assets associated with the Disposal have been,pledged or ceded.,[],taxation,,unspecified,unspecified,unspecified,unspecified,unspecified,unspecified,unspecified,CONCEPT_MENTION_ONLY,UNKNOWN,INFORMATIONAL_ONLY,True,,,,,,,,,,,,,,,
BENCH-0002,ATT.JO,2025-11-14 15:30,Details of the results of voting at the annual general meeting are as follows:,– total number of shares in issue as at the date of the annual general meeting: 746 198 337,"– total number of shares that could have been voted at the annual general meeting, excluding 46 427 553 treasury","[""746 198 337""]",number of shares in issue,,unspecified,unspecified,unspecified,unspecified,unspecified,unspecified,unspecified,DIRECT_VALUE_LABEL,DIRECT_LEVEL,REQUIRES_PERIOD,True,,,,,,,,,,,,,,,
BENCH-0003,ATT.JO,2025-11-14 15:30,"598 177 881, being 80.16%      577 838 574, being 96.61%     20 299 279, being 3.39%     40 028, being 0.01%",* shares voted (excluding abstentions) in relation to the total shares in issue,^ in relation to the total shares in issue,[],shares in issue,,unspecified,unspecified,unspecified,unspecified,unspecified,unspecified,unspecified,CONCEPT_MENTION_ONLY,UNKNOWN,INFORMATIONAL_ONLY,True,,,,,,,,,,,,,,,
BENCH-0004,ATT.JO,2025-11-14 15:30,* shares voted (excluding abstentions) in relation to the total shares in issue,^ in relation to the total shares in issue,14 November 2025,[],shares in issue,,unspecified,unspecified,unspecified,unspecified,unspecified,unspecified,unspecified,CONCEPT_MENTION_ONLY,UNKNOWN,INFORMATIONAL_ONLY,True,,,,,,,,,,,,,,,
BENCH-0005,EPS.JO,2025-11-14 14:45,Share Code TSX: ELR ISIN: CA2768555096,Share Code JSE: EPS ISIN: CA2768555096,(‘Eastplats’ or the ‘Company’),[],eps,,unspecified,unspecified,unspecified,unspecified,unspecified,unspecified,unspecified,CONCEPT_MENTION_ONLY,UNKNOWN,INFORMATIONAL_ONLY,True,,,,,,,,,,,,,,,
BENCH-0006,EPS.JO,2025-11-14 14:45,EASTERN PLATINUM LIMITED REPORTS RESULTS FOR THE THIRD QUARTER OF 2025,"Vancouver, British Columbia, November 14, 2025 – Eastern Platinum Limited (TSX: ELR)(JSE: EPS)",(‘Eastplats’ or the ‘Company’) is pleased to report that it has filed its condensed interim consolidated,"[""14"", ""2025""]",eps,,unspecified,unspecified,unspecified,unspecified,unspecified,unspecified,unspecified,DIRECT_VALUE_LABEL,DIRECT_LEVEL,REQUIRES_SCOPE,True,,,,,,,,,,,,,,,
BENCH-0007,EPS.JO,2025-11-14 14:45,in USD unless specified):,"•   Revenue for Q3 2025 increased to $13.7 million (Q3 2024 – $11.0 million), representing a $2.7",million or 24.5% increase. Revenue for YTD 2025 decreased to $39.3 million (YTD 2024 – $45.5,"[""2025"", ""$13.7 million"", ""2024"", ""$11.0 million"", ""$2.7""]",revenue,accounting_revenue,group_consolidated,unspecified,unspecified,unspecified,unspecified,unspecified,unspecified,DIRECT_VALUE_LABEL,DIRECT_LEVEL,ELIGIBLE_WITH_QUALIFIER,False,,,,,,,,,,,,,,,
BENCH-0008,EPS.JO,2025-11-14 14:45,"•   Revenue for Q3 2025 increased to $13.7 million (Q3 2024 – $11.0 million), representing a $2.7",million or 24.5% increase. Revenue for YTD 2025 decreased to $39.3 million (YTD 2024 – $45.5,"million), representing a $6.2 million or 13.6% decrease.","[""24.5%"", ""2025"", ""$39.3 million"", ""2024"", ""$45.5""]",revenue,accounting_revenue,group_consolidated,unspecified,unspecified,unspecified,unspecified,unspecified,unspecified,CHANGE_STATEMENT,CHANGE_RATE_TO_LEVEL,INFORMATIONAL_ONLY,False,,,,,,,,,,,,,,,
BENCH-0009,EPS.JO,2025-11-14 14:45,in USD unless specified):,•   Mine operating loss decreased by $0.8 million (or -80.0%) to $0.2 million in Q3 2025 (Q3 2024 –,mine operating loss of $1.0 million) as gross margin improved to -1.8% in Q3 2025 from -9.4% in,"[""$0.8 million"", ""-80.0%"", ""$0.2 million"", ""2025"", ""2024""]",operating loss decreased by,operating_profit,unspecified,unspecified,unspecified,unspecified,unspecified,unspecified,unspecified,CHANGE_STATEMENT,CHANGE_RATE_TO_LEVEL,INFORMATIONAL_ONLY,False,,,,,,,,,,,,,,,
BENCH-0010,EPS.JO,2025-11-14 14:45,•   Mine operating loss decreased by $0.8 million (or -80.0%) to $0.2 million in Q3 2025 (Q3 2024 –,mine operating loss of $1.0 million) as gross margin improved to -1.8% in Q3 2025 from -9.4% in,Q3 2024. Mine operating income in YTD 2025 decreased by $13.3 million (or -152.9%) to mine,"[""$1.0 million"", ""-1.8%"", ""2025"", ""-9.4%""]",operating loss,operating_profit,unspecified,unspecified,unspecified,unspecified,unspecified,unspecified,unspecified,CHANGE_STATEMENT,FROM_TO_LEVEL,INFORMATIONAL_ONLY,False,,,,,,,,,,,,,,,
BENCH-0011,EPS.JO,2025-11-14 14:45,•   Mine operating loss decreased by $0.8 million (or -80.0%) to $0.2 million in Q3 2025 (Q3 2024 –,mine operating loss of $1.0 million) as gross margin improved to -1.8% in Q3 2025 from -9.4% in,Q3 2024. Mine operating income in YTD 2025 decreased by $13.3 million (or -152.9%) to mine,"[""$1.0 million"", ""-1.8%"", ""2025"", ""-9.4%""]",gross margin improved to,gross_margin,unspecified,unspecified,unspecified,unspecified,unspecified,accounting_revenue,unspecified,CHANGE_STATEMENT,FROM_TO_LEVEL,INFORMATIONAL_ONLY,False,,,,,,,,,,,,,,,
BENCH-0012,EPS.JO,2025-11-14 14:45,Q3 2024. Mine operating income in YTD 2025 decreased by $13.3 million (or -152.9%) to mine,"operating loss of $4.6 million (YTD 2024 – mine operating income of $8.7 million), resulting from",a reduced gross margin of -11.6% in YTD 2025 from 19.1% in YTD 2024.,"[""$4.6 million"", ""2024"", ""$8.7 million""]",operating loss,operating_profit,unspecified,unspecified,unspecified,unspecified,unspecified,unspecified,unspecified,DIRECT_VALUE_LABEL,DIRECT_LEVEL,ELIGIBLE,False,,,,,,,,,,,,,,,
BENCH-0013,EPS.JO,2025-11-14 14:45,"operating loss of $4.6 million (YTD 2024 – mine operating income of $8.7 million), resulting from",a reduced gross margin of -11.6% in YTD 2025 from 19.1% in YTD 2024.,•   Operating loss was $3.4 million in Q3 2025 compared to an operating loss of $5.7 million in Q3,"[""-11.6%"", ""2025"", ""19.1%"", ""2024""]",gross margin,gross_margin,unspecified,unspecified,unspecified,unspecified,unspecified,accounting_revenue,unspecified,CHANGE_STATEMENT,CHANGE_RATE_ONLY,INFORMATIONAL_ONLY,True,,,,,,,,,,,,,,,
BENCH-0014,EPS.JO,2025-11-14 14:45,in USD unless specified):,•   Operating loss was $3.4 million in Q3 2025 compared to an operating loss of $5.7 million in Q3,2024. Operating loss was $14.5 million in YTD 2025 compared to an operating loss of $4.1 million,"[""$3.4 million"", ""2025"", ""$5.7 million""]",operating loss,operating_profit,unspecified,unspecified,unspecified,unspecified,unspecified,unspecified,unspecified,DIRECT_VALUE_LABEL,DIRECT_LEVEL,ELIGIBLE,False,,,,,,,,,,,,,,,
BENCH-0015,EPS.JO,2025-11-14 14:45,in USD unless specified):,•   Operating loss was $3.4 million in Q3 2025 compared to an operating loss of $5.7 million in Q3,2024. Operating loss was $14.5 million in YTD 2025 compared to an operating loss of $4.1 million,"[""$3.4 million"", ""2025"", ""$5.7 million""]",operating loss,operating_profit,unspecified,unspecified,unspecified,unspecified,unspecified,unspecified,unspecified,DIRECT_VALUE_LABEL,DIRECT_LEVEL,ELIGIBLE,False,,,,,,,,,,,,,,,
BENCH-0016,EPS.JO,2025-11-14 14:45,•   Operating loss was $3.4 million in Q3 2025 compared to an operating loss of $5.7 million in Q3,2024. Operating loss was $14.5 million in YTD 2025 compared to an operating loss of $4.1 million,in YTD 2024.,"[""2024."", ""$14.5 million"", ""2025"", ""$4.1 million""]",operating loss,operating_profit,unspecified,unspecified,unspecified,unspecified,unspecified,unspecified,unspecified,DIRECT_VALUE_LABEL,DIRECT_LEVEL,ELIGIBLE,False,,,,,,,,,,,,,,,
BENCH-0017,EPS.JO,2025-11-14 14:45,•   Operating loss was $3.4 million in Q3 2025 compared to an operating loss of $5.7 million in Q3,2024. Operating loss was $14.5 million in YTD 2025 compared to an operating loss of $4.1 million,in YTD 2024.,"[""2024."", ""$14.5 million"", ""2025"", ""$4.1 million""]",operating loss,operating_profit,unspecified,unspecified,unspecified,unspecified,unspecified,unspecified,unspecified,DIRECT_VALUE_LABEL,DIRECT_LEVEL,ELIGIBLE,False,,,,,,,,,,,,,,,
BENCH-0018,EPS.JO,2025-11-14 14:45,in YTD 2024.,•   Net loss attributable to equity shareholders was $2.2 million ($0.01 loss per share) in Q3 2025,versus net loss attributable to equity shareholders of $3.4 million ($0.02 loss per share) in Q3,"[""$2.2 million"", ""$0.01"", ""2025""]",loss per share,eps,unspecified,basic,unspecified,unspecified,unspecified,unspecified,unspecified,DIRECT_VALUE_LABEL,DIRECT_LEVEL,ELIGIBLE_WITH_QUALIFIER,False,,,,,,,,,,,,,,,
BENCH-0019,EPS.JO,2025-11-14 14:45,•   Net loss attributable to equity shareholders was $2.2 million ($0.01 loss per share) in Q3 2025,versus net loss attributable to equity shareholders of $3.4 million ($0.02 loss per share) in Q3,2024. The decrease in Q3 2025 net loss was largely attributable to the significantly increased,"[""$3.4 million"", ""$0.02""]",loss per share,eps,unspecified,basic,unspecified,unspecified,unspecified,unspecified,unspecified,DIRECT_VALUE_LABEL,DIRECT_LEVEL,ELIGIBLE_WITH_QUALIFIER,False,,,,,,,,,,,,,,,
BENCH-0020,EPS.JO,2025-11-14 14:45,2024. The decrease in Q3 2025 net loss was largely attributable to the significantly increased,revenue derived from platinum group metal (‘PGM’) sales during the period.,•   Net loss attributable to equity shareholders was $10.9 million ($0.05 loss per share) in YTD 2025,[],revenue,accounting_revenue,group_consolidated,unspecified,unspecified,unspecified,unspecified,unspecified,unspecified,CONCEPT_MENTION_ONLY,UNKNOWN,INFORMATIONAL_ONLY,True,,,,,,,,,,,,,,,
BENCH-0021,EPS.JO,2025-11-14 14:45,2024. The decrease in Q3 2025 net loss was largely attributable to the significantly increased,revenue derived from platinum group metal (‘PGM’) sales during the period.,•   Net loss attributable to equity shareholders was $10.9 million ($0.05 loss per share) in YTD 2025,[],sales,,unspecified,unspecified,unspecified,unspecified,unspecified,unspecified,unspecified,CONCEPT_MENTION_ONLY,UNKNOWN,INFORMATIONAL_ONLY,True,,,,,,,,,,,,,,,
BENCH-0022,EPS.JO,2025-11-14 14:45,revenue derived from platinum group metal (‘PGM’) sales during the period.,•   Net loss attributable to equity shareholders was $10.9 million ($0.05 loss per share) in YTD 2025,compared to net loss attributable to equity shareholders of $0.8 million ($0.00 loss per share) in,"[""$10.9 million"", ""$0.05"", ""2025""]",loss per share,eps,unspecified,basic,unspecified,unspecified,unspecified,unspecified,unspecified,DIRECT_VALUE_LABEL,DIRECT_LEVEL,ELIGIBLE_WITH_QUALIFIER,False,,,,,,,,,,,,,,,
BENCH-0023,EPS.JO,2025-11-14 14:45,•   Net loss attributable to equity shareholders was $10.9 million ($0.05 loss per share) in YTD 2025,compared to net loss attributable to equity shareholders of $0.8 million ($0.00 loss per share) in,YTD 2024. The increase of YTD 2025 net loss was mainly attributable to the significant decrease,"[""$0.8 million"", ""$0.00""]",loss per share,eps,unspecified,basic,unspecified,unspecified,unspecified,unspecified,unspecified,DIRECT_VALUE_LABEL,DIRECT_LEVEL,ELIGIBLE_WITH_QUALIFIER,False,,,,,,,,,,,,,,,
BENCH-0024,EPS.JO,2025-11-14 14:45,YTD 2024. The increase of YTD 2025 net loss was mainly attributable to the significant decrease,in in revenue derived from chrome concentrate sales as the Company ceased the retreatment,project operations during the first quarter of 2025 and focussed on underground operations at the,[],revenue,accounting_revenue,group_consolidated,unspecified,unspecified,unspecified,unspecified,unspecified,unspecified,CONCEPT_MENTION_ONLY,UNKNOWN,INFORMATIONAL_ONLY,True,,,,,,,,,,,,,,,
BENCH-0025,CCC.JO,2025-11-14 14:21,ended 30 September 2025 (‘interim results’) and anticipates that it will report:,"–   a basic loss per share of between 138.30 cents and 138.48 cents, compared to the basic earnings","per share of 0.87 cents for the previous corresponding period, which represents an expected","[""138.30 cents"", ""138.48 cents""]",basic loss per share,eps,unspecified,basic,unspecified,unspecified,unspecified,unspecified,unspecified,GUIDANCE_STATEMENT,RANGE,INFORMATIONAL_ONLY,True,,,,,,,,,,,,,,,
BENCH-0026,CCC.JO,2025-11-14 14:21,ended 30 September 2025 (‘interim results’) and anticipates that it will report:,–   a headline loss per share of between 138.30 cents and 138.48 cents compared to the headline,"earnings per share of 0.87 cents for the previous corresponding period, which represents an expected","[""138.30 cents"", ""138.48 cents""]",headline loss per share,heps,unspecified,basic,unspecified,unspecified,unspecified,unspecified,headline_attributable,GUIDANCE_STATEMENT,RANGE,INFORMATIONAL_ONLY,True,,,,,,,,,,,,,,,
BENCH-0027,CCC.JO,2025-11-14 14:21,–   a headline loss per share of between 138.30 cents and 138.48 cents compared to the headline,"earnings per share of 0.87 cents for the previous corresponding period, which represents an expected",decrease in excess of 100%.,"[""0.87 cents""]",earnings per share,eps,unspecified,basic,unspecified,unspecified,unspecified,unspecified,unspecified,DIRECT_VALUE_LABEL,DIRECT_LEVEL,ELIGIBLE_WITH_QUALIFIER,False,,,,,,,,,,,,,,,
BENCH-0028,CCC.JO,2025-11-14 14:21,of R217 480 665. These non-recurring costs have been the primary contributor to the decrease in earnings,and headline earnings per share for the period under review.,The financial information on which this trading statement is based has not been reviewed or reported on,[],headline earnings per share for the period,heps,unspecified,basic,unspecified,unspecified,unspecified,unspecified,headline_attributable,CONCEPT_MENTION_ONLY,UNKNOWN,INFORMATIONAL_ONLY,True,,,,,,,,,,,,,,,
BENCH-0029,KAP.JO,2025-11-14 13:00,"consideration equal to an aggregate amount of R138 million plus the carrying value of certain vehicles, as",well as the value of the net working capital and cash on hand of USH and its wholly subsidiary as at the,Effective Date (as defined in paragraph 6.3 below) (‘Disposal Consideration’).,[],working capital,,unspecified,unspecified,unspecified,unspecified,unspecified,unspecified,unspecified,CONCEPT_MENTION_ONLY,UNKNOWN,INFORMATIONAL_ONLY,True,,,,,,,,,,,,,,,
BENCH-0030,KAP.JO,2025-11-14 13:00,(‘Delayed Portion’) being settled in cash by the Purchaser within 95 days of the Effective Date.,4.4.      The Disposal Consideration will be utilised by Unitrans as part of capital expenditure for the replacement,of its existing assets.,"[""4.4.""]",capital expenditure,,unspecified,unspecified,unspecified,unspecified,unspecified,unspecified,unspecified,CONCEPT_MENTION_ONLY,UNKNOWN,INFORMATIONAL_ONLY,True,,,,,,,,,,,,,,,
BENCH-0031,CMH.JO,2025-11-14 12:00,jurisdiction applicable to such Shareholder.,4.3  Shareholders should therefore take their own advice on the taxation effects of,the Share Repurchase offer.,"[""4.3""]",taxation,,unspecified,unspecified,unspecified,unspecified,unspecified,unspecified,unspecified,CONCEPT_MENTION_ONLY,UNKNOWN,INFORMATIONAL_ONLY,True,,,,,,,,,,,,,,,
BENCH-0032,CMH.JO,2025-11-14 12:00,advice from their own tax and/or other professional advisors regarding the,taxation implications arising out of the acceptance of the Offer.,5. Important Dates and Times,[],taxation,,unspecified,unspecified,unspecified,unspecified,unspecified,unspecified,unspecified,CONCEPT_MENTION_ONLY,UNKNOWN,INFORMATIONAL_ONLY,True,,,,,,,,,,,,,,,
BENCH-0033,BYI.JO,2025-11-14 09:30,BTG intends to cancel all of the purchased shares. Following settlement of the above purchases and cancellation of the,"purchased Ordinary Shares, the Company’s total number of Ordinary Shares in issue, and its total voting rights, will be","236,968,629 Ordinary Shares. The Company does not hold any shares in treasury.",[],ordinary shares in issue,issued_shares_current,unspecified,unspecified,unspecified,unspecified,unspecified,unspecified,unspecified,CONCEPT_MENTION_ONLY,UNKNOWN,INFORMATIONAL_ONLY,True,,,,,,,,,,,,,,,
BENCH-0034,BTI.JO,2025-11-14 09:00,"Following the purchase and cancellation of these shares, the Company will have","2,182,962,115 ordinary shares in issue (excluding treasury shares) which carry voting rights","and will hold 132,998,061 ordinary shares in treasury. This information may be used by","[""2,182,962,115""]",ordinary shares in issue,issued_shares_current,unspecified,unspecified,unspecified,unspecified,unspecified,unspecified,unspecified,DIRECT_VALUE_LABEL,DIRECT_LEVEL,ELIGIBLE,False,,,,,,,,,,,,,,,
BENCH-0035,BTI.JO,2025-11-14 09:00,"Following the purchase and cancellation of these shares, the Company will have","2,182,962,115 ordinary shares in issue (excluding treasury shares) which carry voting rights","and will hold 132,998,061 ordinary shares in treasury. This information may be used by","[""2,182,962,115""]",treasury shares,treasury_shares,unspecified,unspecified,unspecified,unspecified,unspecified,unspecified,unspecified,DIRECT_VALUE_LABEL,DIRECT_LEVEL,ELIGIBLE,False,,,,,,,,,,,,,,,
BENCH-0036,CFR.JO,2025-11-14 08:00,,Richemont delivers solid results for the six-month period ended 30 September 2025 with strong sales momentum in Q2,Compagnie Financière Richemont SA,"[""30"", ""2025""]",sales,,unspecified,unspecified,unspecified,unspecified,unspecified,unspecified,unspecified,CONCEPT_MENTION_ONLY,UNKNOWN,INFORMATIONAL_ONLY,True,,,,,,,,,,,,,,,
BENCH-0037,CFR.JO,2025-11-14 08:00,FOR THE SIX-MONTH PERIOD ENDED 30 SEPTEMBER 2025,WITH STRONG SALES MOMENTUM IN Q2,Group highlights,[],sales,,unspecified,unspecified,unspecified,unspecified,unspecified,unspecified,unspecified,CONCEPT_MENTION_ONLY,UNKNOWN,INFORMATIONAL_ONLY,True,,,,,,,,,,,,,,,
BENCH-0038,CFR.JO,2025-11-14 08:00,Group highlights,* Group sales at EUR 10.6 billion with 10% growth at constant rates,(+5% actual); Q2 acceleration to +14%,"[""EUR 10.6 billion"", ""10%""]",group sales,,group_consolidated,unspecified,unspecified,unspecified,unspecified,unspecified,unspecified,CHANGE_STATEMENT,CHANGE_RATE_TO_LEVEL,INFORMATIONAL_ONLY,False,,,,,,,,,,,,,,,
BENCH-0039,CFR.JO,2025-11-14 08:00,(+5% actual); Q2 acceleration to +14%,* Growth in operating profit to EUR 2.4 billion underpinned by strong,"sales contribution and continued cost discipline, mitigating the impact of","[""EUR 2.4 billion""]",operating profit,,unspecified,unspecified,unspecified,unspecified,unspecified,unspecified,unspecified,DIRECT_VALUE_LABEL,DIRECT_LEVEL,REQUIRES_SCOPE,True,,,,,,,,,,,,,,,
BENCH-0040,CFR.JO,2025-11-14 08:00,* Growth in operating profit to EUR 2.4 billion underpinned by strong,"sales contribution and continued cost discipline, mitigating the impact of",macroeconomic headwinds on gross margin in the first half,[],sales,,unspecified,unspecified,unspecified,unspecified,unspecified,unspecified,unspecified,CONCEPT_MENTION_ONLY,UNKNOWN,INFORMATIONAL_ONLY,True,,,,,,,,,,,,,,,
BENCH-0041,CFR.JO,2025-11-14 08:00,"sales contribution and continued cost discipline, mitigating the impact of",macroeconomic headwinds on gross margin in the first half,* Robust financial position supporting persistent focus on nurturing Maisons’,[],gross margin,gross_margin,unspecified,unspecified,unspecified,unspecified,unspecified,accounting_revenue,unspecified,CONCEPT_MENTION_ONLY,UNKNOWN,INFORMATIONAL_ONLY,True,,,,,,,,,,,,,,,
BENCH-0042,CFR.JO,2025-11-14 08:00,local demand,"* Operating profit up by 7%, or by 24% at constant exchange rates, resulting",in a 22.2% operating margin,"[""7%"", ""24%""]",operating profit up by,,unspecified,unspecified,unspecified,unspecified,unspecified,unspecified,unspecified,CHANGE_STATEMENT,CHANGE_RATE_ONLY,INFORMATIONAL_ONLY,True,,,,,,,,,,,,,,,
BENCH-0043,CFR.JO,2025-11-14 08:00,"* Operating profit up by 7%, or by 24% at constant exchange rates, resulting",in a 22.2% operating margin,"* Strong demand fuelling Jewellery Maisons’ growth, with sales up 9% at actual","[""22.2%""]",operating margin,operating_margin,unspecified,unspecified,unspecified,unspecified,unspecified,unspecified,unspecified,DIRECT_VALUE_LABEL,DIRECT_LEVEL,REQUIRES_BASIS,True,,,,,,,,,,,,,,,
BENCH-0044,CFR.JO,2025-11-14 08:00,in a 22.2% operating margin,"* Strong demand fuelling Jewellery Maisons’ growth, with sales up 9% at actual","exchange rates (at constant exchange rates: +14% in H1, +17% in Q2), delivering","[""9%""]",sales,,unspecified,unspecified,unspecified,unspecified,unspecified,unspecified,unspecified,CHANGE_STATEMENT,CHANGE_RATE_ONLY,INFORMATIONAL_ONLY,True,,,,,,,,,,,,,,,
BENCH-0045,CFR.JO,2025-11-14 08:00,"exchange rates (at constant exchange rates: +14% in H1, +17% in Q2), delivering",a 32.8% operating margin,"* Slower rate of decline at Specialist Watchmakers over the period, with sales","[""32.8%""]",operating margin,operating_margin,unspecified,unspecified,unspecified,unspecified,unspecified,unspecified,unspecified,DIRECT_VALUE_LABEL,DIRECT_LEVEL,REQUIRES_BASIS,True,,,,,,,,,,,,,,,
BENCH-0046,CFR.JO,2025-11-14 08:00,a 32.8% operating margin,"* Slower rate of decline at Specialist Watchmakers over the period, with sales","down by 6% at actual exchange rates (at constant exchange rates: -2% in H1, +3%",[],sales,,unspecified,unspecified,unspecified,unspecified,unspecified,unspecified,unspecified,CONCEPT_MENTION_ONLY,UNKNOWN,INFORMATIONAL_ONLY,True,,,,,,,,,,,,,,,
BENCH-0047,CFR.JO,2025-11-14 08:00,"down by 6% at actual exchange rates (at constant exchange rates: -2% in H1, +3%",in Q2); operating margin at 3.2%,"* Broadly stable sales in the ‘Other’ business area, down by 1% at actual","[""3.2%""]",operating margin,operating_margin,unspecified,unspecified,unspecified,unspecified,unspecified,unspecified,unspecified,DIRECT_VALUE_LABEL,DIRECT_LEVEL,REQUIRES_BASIS,True,,,,,,,,,,,,,,,
BENCH-0048,CFR.JO,2025-11-14 08:00,in Q2); operating margin at 3.2%,"* Broadly stable sales in the ‘Other’ business area, down by 1% at actual","exchange rates (at constant exchange rates: +2% in H1, +6% in Q2);","[""1%""]",sales,,unspecified,unspecified,unspecified,unspecified,unspecified,unspecified,unspecified,CHANGE_STATEMENT,CHANGE_RATE_ONLY,INFORMATIONAL_ONLY,True,,,,,,,,,,,,,,,
BENCH-0049,CFR.JO,2025-11-14 08:00,"exchange rates (at constant exchange rates: +2% in H1, +6% in Q2);",EUR 42 million operating loss,"* EUR 1.8 billion profit for the period, driven by continuing operations and","[""EUR 42 million""]",operating loss,operating_profit,unspecified,unspecified,unspecified,unspecified,unspecified,unspecified,unspecified,DIRECT_VALUE_LABEL,DIRECT_LEVEL,ELIGIBLE,False,,,,,,,,,,,,,,,
BENCH-0050,CFR.JO,2025-11-14 08:00,EUR 42 million operating loss,"* EUR 1.8 billion profit for the period, driven by continuing operations and",non-recurrence of the prior-year period loss from discontinued operations,"[""EUR 1.8 billion""]",profit for the period,profit_for_period,group_consolidated,unspecified,unspecified,unspecified,unspecified,unspecified,total_group,DIRECT_VALUE_LABEL,DIRECT_LEVEL,ELIGIBLE_WITH_QUALIFIER,False,,,,,,,,,,,,,,,
BENCH-0051,CFR.JO,2025-11-14 08:00,non-recurrence of the prior-year period loss from discontinued operations,"* Net cash position of EUR 6.5 billion, with EUR 1.9 billion cash flow generated",from operating activities and after EUR 0.6 billion cash transferred upon,"[""EUR 6.5 billion"", ""EUR 1.9 billion""]",net cash position,,unspecified,unspecified,unspecified,unspecified,unspecified,unspecified,unspecified,DIRECT_VALUE_LABEL,DIRECT_LEVEL,REQUIRES_SCOPE,True,,,,,,,,,,,,,,,
BENCH-0052,CFR.JO,2025-11-14 08:00,+——————————–+—————+————–+———-+,|Sales				 |    EUR 10 619m|   EUR 10 077m|       +5%|,+——————————–+—————+————–+———-+,"[""EUR 10 619m"", ""EUR 10 077m"", ""+5%""]",sales,,unspecified,unspecified,unspecified,unspecified,unspecified,unspecified,unspecified,DIRECT_VALUE_LABEL,DIRECT_LEVEL,REQUIRES_SCOPE,True,,,,,,,,,,,,,,,
BENCH-0053,CFR.JO,2025-11-14 08:00,+——————————–+—————+————–+———-+,|Gross profit			 |     EUR 6 939m|    EUR 6 771m|       +2%|,+——————————–+—————+————–+———-+,"[""EUR 6 939m"", ""EUR 6 771m"", ""+2%""]",gross profit,gross_profit,unspecified,unspecified,unspecified,unspecified,unspecified,unspecified,unspecified,DIRECT_VALUE_LABEL,DIRECT_LEVEL,ELIGIBLE,False,,,,,,,,,,,,,,,
BENCH-0054,CFR.JO,2025-11-14 08:00,+——————————–+—————+————–+———-+,|Gross margin			 |	    65.3%|         67.2%|   -190bps|,+——————————–+—————+————–+———-+,"[""65.3%"", ""67.2%"", ""-190""]",gross margin,gross_margin,unspecified,unspecified,unspecified,unspecified,unspecified,unspecified,unspecified,DIRECT_VALUE_LABEL,DIRECT_LEVEL,REQUIRES_BASIS,True,,,,,,,,,,,,,,,
BENCH-0055,CFR.JO,2025-11-14 08:00,+——————————–+—————+————–+———-+,|Operating profit		 |     EUR 2 358m|    EUR 2 206m|       +7%|,+——————————–+—————+————–+———-+,"[""EUR 2 358m"", ""EUR 2 206m"", ""+7%""]",operating profit,,unspecified,unspecified,unspecified,unspecified,unspecified,unspecified,unspecified,DIRECT_VALUE_LABEL,DIRECT_LEVEL,REQUIRES_SCOPE,True,,,,,,,,,,,,,,,
BENCH-0056,ANH.JO,2025-11-14 07:35,"the collective strengths of approximately 144 000 colleagues based in nearly 50 countries worldwide. For 2024, AB InBev’s",reported revenue was 59.8 billion USD (excluding JVs and associates).,Anheuser-Busch InBev Contacts,"[""59.8 billion""]",revenue,accounting_revenue,group_consolidated,unspecified,unspecified,unspecified,unspecified,unspecified,unspecified,DIRECT_VALUE_LABEL,DIRECT_LEVEL,ELIGIBLE_WITH_QUALIFIER,False,,,,,,,,,,,,,,,
BENCH-0057,SOL.JO,2025-11-13 16:48,2,"In terms of the MSR policy, Directors and Prescribed Officers may sell vested shares to cover the taxation and transaction cost on the LTI",award.,[],taxation,,unspecified,unspecified,unspecified,unspecified,unspecified,unspecified,unspecified,CONCEPT_MENTION_ONLY,UNKNOWN,INFORMATIONAL_ONLY,True,,,,,,,,,,,,,,,
BENCH-0058,ITE.JO,2025-11-13 15:40,"authority to issue shares, and to sell","treasury shares, for cash                           1 044 828 732        79.05         90.76          9.24         0.42",Special Resolution No 1: Acquisition of,"[""1 044 828 732"", ""79.05"", ""90.76"", ""9.24"", ""0.42""]",treasury shares,treasury_shares,unspecified,unspecified,unspecified,unspecified,unspecified,unspecified,unspecified,DIRECT_VALUE_LABEL,DIRECT_LEVEL,ELIGIBLE,False,,,,,,,,,,,,,,,
BENCH-0059,ITE.JO,2025-11-13 15:40,sign documentation                                  1 109 614 986        83.96        100.00          0.00         0.42,1Based on 1 321 654 148 shares in issue at the date of the annual general meeting.,2Disclosed as a percentage of voteable shares.,"[""1"", ""1 321 654 148""]",shares in issue,,unspecified,unspecified,unspecified,unspecified,unspecified,unspecified,unspecified,DIRECT_VALUE_LABEL,DIRECT_LEVEL,REQUIRES_PERIOD,True,,,,,,,,,,,,,,,
BENCH-0060,ITE.JO,2025-11-13 15:40,remains constrained. The market has continued to experience pressure from low priced imports causing a decline,"in revenue at Ceramic Industries. As a result, the Group’s systemwide turnover for the period was 1% lower year on",year.,"[""1%""]",revenue,accounting_revenue,group_consolidated,unspecified,unspecified,unspecified,unspecified,unspecified,unspecified,CHANGE_STATEMENT,CHANGE_RATE_ONLY,INFORMATIONAL_ONLY,True,,,,,,,,,,,,,,,
BENCH-0061,ITE.JO,2025-11-13 15:40,remains constrained. The market has continued to experience pressure from low priced imports causing a decline,"in revenue at Ceramic Industries. As a result, the Group’s systemwide turnover for the period was 1% lower year on",year.,"[""1%""]",turnover for the period,turnover,unspecified,unspecified,unspecified,unspecified,unspecified,unspecified,unspecified,CHANGE_STATEMENT,CHANGE_RATE_ONLY,INFORMATIONAL_ONLY,True,,,,,,,,,,,,,,,
BENCH-0062,SLM.JO,2025-11-13 14:26,The naming conventions and definitions of key earnings metrics have been revised. Effective 1 January,"2026, net result from financial services (NRFFS) will be replaced with operating profit, and net operational",earnings with adjusted headline earnings. Both measures remove Sanlam-specific shareholders’ fund,"[""2026""]",operating profit,,unspecified,unspecified,unspecified,unspecified,unspecified,unspecified,unspecified,CONCEPT_MENTION_ONLY,UNKNOWN,INFORMATIONAL_ONLY,True,,,,,,,,,,,,,,,
BENCH-0063,SLM.JO,2025-11-13 14:26,"2026, net result from financial services (NRFFS) will be replaced with operating profit, and net operational",earnings with adjusted headline earnings. Both measures remove Sanlam-specific shareholders’ fund,"adjustments and reflect full investment market movements, resulting in greater period-to-period volatility. In",[],headline earnings,headline_earnings,unspecified,unspecified,unspecified,unspecified,unspecified,unspecified,headline_attributable,CONCEPT_MENTION_ONLY,UNKNOWN,INFORMATIONAL_ONLY,True,,,,,,,,,,,,,,,
BENCH-0064,SLM.JO,2025-11-13 14:26,"addition, project expenses, previously included under net operational earnings, are now reported as part of",operating profit and adjusted headline earnings.,The group has presented earnings metrics using both the current and future financial reporting frameworks.,[],operating profit,,unspecified,unspecified,unspecified,unspecified,unspecified,unspecified,unspecified,CONCEPT_MENTION_ONLY,UNKNOWN,INFORMATIONAL_ONLY,True,,,,,,,,,,,,,,,
BENCH-0065,SLM.JO,2025-11-13 14:26,"addition, project expenses, previously included under net operational earnings, are now reported as part of",operating profit and adjusted headline earnings.,The group has presented earnings metrics using both the current and future financial reporting frameworks.,[],headline earnings,headline_earnings,unspecified,unspecified,unspecified,unspecified,unspecified,unspecified,headline_attributable,CONCEPT_MENTION_ONLY,UNKNOWN,INFORMATIONAL_ONLY,True,,,,,,,,,,,,,,,
BENCH-0066,SLM.JO,2025-11-13 14:26,Future financial reporting framework (with effect 1 January 2026),–   Operating profit excluding investment variances2                                 2%              18%,–   Operating profit                                                                (3%)             10%,"[""2%"", ""18%""]",operating profit,,unspecified,unspecified,unspecified,unspecified,unspecified,unspecified,unspecified,CHANGE_STATEMENT,CHANGE_RATE_ONLY,INFORMATIONAL_ONLY,True,,,,,,,,,,,,,,,
BENCH-0067,SLM.JO,2025-11-13 14:26,–   Operating profit excluding investment variances2                                 2%              18%,–   Operating profit                                                                (3%)             10%,–   Adjusted headline earnings3                                                     (6%)              4%,"[""3%"", ""10%""]",operating profit,,unspecified,unspecified,unspecified,unspecified,unspecified,unspecified,unspecified,CHANGE_STATEMENT,CHANGE_RATE_ONLY,INFORMATIONAL_ONLY,True,,,,,,,,,,,,,,,
BENCH-0068,SLM.JO,2025-11-13 14:26,1 In constant currency with adjustments as detailed in the appendix.,2 Operating profit adjusted for the impact of economic market movements (the difference between expected and actual,investment outcomes).,"[""2""]",operating profit,,unspecified,unspecified,unspecified,unspecified,unspecified,unspecified,unspecified,DIRECT_VALUE_LABEL,DIRECT_LEVEL,REQUIRES_SCOPE,True,,,,,,,,,,,,,,,
BENCH-0069,SLM.JO,2025-11-13 14:26,3,Operating profit including investment return (comprising investment income and surpluses).,Pleasing operating profit growth despite volatility 4,[],operating profit,,unspecified,unspecified,unspecified,unspecified,unspecified,unspecified,unspecified,CONCEPT_MENTION_ONLY,UNKNOWN,INFORMATIONAL_ONLY,True,,,,,,,,,,,,,,,
BENCH-0070,SLM.JO,2025-11-13 14:26,Operating profit including investment return (comprising investment income and surpluses).,Pleasing operating profit growth despite volatility 4,The group maintained the positive performance experienced in the first half of 2025. Net result from,"[""4""]",operating profit,,unspecified,unspecified,unspecified,unspecified,unspecified,unspecified,unspecified,DIRECT_VALUE_LABEL,DIRECT_LEVEL,REQUIRES_SCOPE,True,,,,,,,,,,,,,,,
BENCH-0071,SLM.JO,2025-11-13 14:26,The strong investment gains on long-duration bonds in 2024 were partially reversed in the first half of 2025,due to unfavourable shifts at the long end of the yield curve. Operating profit includes positive investment,"variances in 2025 and 2024, with 2025 at levels significantly lower than 2024, primarily driven by the",[],operating profit,,unspecified,unspecified,unspecified,unspecified,unspecified,unspecified,unspecified,CONCEPT_MENTION_ONLY,UNKNOWN,INFORMATIONAL_ONLY,True,,,,,,,,,,,,,,,
BENCH-0072,SLM.JO,2025-11-13 14:26,"fee in the 2024 base, operating profit growth of 18% is aligned with the NRFFS growth rate.",Adjusted headline earnings was impacted by bridge funding finance costs related to the Assupol,acquisition and lower investment return on shareholder capital relative to the prior period.,[],headline earnings,headline_earnings,unspecified,unspecified,unspecified,unspecified,unspecified,unspecified,headline_attributable,CONCEPT_MENTION_ONLY,UNKNOWN,INFORMATIONAL_ONLY,True,,,,,,,,,,,,,,,
BENCH-0073,SLM.JO,2025-11-13 14:26,"Asia recorded improved operating profit in Malaysia, while India’s profits were negatively impacted by the",investment into developing additional sales channels for the life insurance business.,"4All commentary and growth rates relate to the normalised nine months of 2025 relative to the nine months of 2024,",[],sales,,unspecified,unspecified,unspecified,unspecified,unspecified,unspecified,unspecified,CONCEPT_MENTION_ONLY,UNKNOWN,INFORMATIONAL_ONLY,True,,,,,,,,,,,,,,,
BENCH-0074,SLM.JO,2025-11-13 14:26,by Santam’s favourable attritional claims experience and a lower incidence of large losses. Earnings growth,"in India was supported by increased motor book sales, while Pan-Africa’s operating profit growth was",dampened by increased claims experienced in North and West Africa. General insurance operating profit,[],sales,,unspecified,unspecified,unspecified,unspecified,unspecified,unspecified,unspecified,CONCEPT_MENTION_ONLY,UNKNOWN,INFORMATIONAL_ONLY,True,,,,,,,,,,,,,,,
BENCH-0075,BID.JO,2025-08-27 10:00,Financial highlights:,"-       Revenue R235,6 billion, up 4,3%; up 6,8% in constant currency","-       Trading profit R12,9 billion, up 6,4%; up 9,3% in constant currency","[""R235,6 billion"", ""4,3%"", ""6,8%""]",revenue,accounting_revenue,group_consolidated,unspecified,unspecified,unspecified,unspecified,unspecified,unspecified,DIRECT_VALUE_LABEL,DIRECT_LEVEL,ELIGIBLE_WITH_QUALIFIER,False,,,,,,,,,,,,,,,
BENCH-0076,BID.JO,2025-08-27 10:00,Financial highlights:,"-       Trading profit R12,9 billion, up 6,4%; up 9,3% in constant currency","-       Cash generated by operations before working capital R16,6 billion, up 7,5%","[""R12,9 billion"", ""6,4%"", ""9,3%""]",trading profit,trading_profit,unspecified,unspecified,unspecified,unspecified,unspecified,unspecified,unspecified,DIRECT_VALUE_LABEL,DIRECT_LEVEL,ELIGIBLE,False,,,,,,,,,,,,,,,
BENCH-0077,BID.JO,2025-08-27 10:00,Financial highlights:,"-       Cash generated by operations before working capital R16,6 billion, up 7,5%",-       Strong cash generation 122% of trading profit and 108% of EBITDA turned into cash,"[""R16,6 billion"", ""7,5%""]",cash generated by operations before working capital,cash_generated_from_operations,unspecified,unspecified,unspecified,unspecified,unspecified,unspecified,unspecified,DIRECT_VALUE_LABEL,DIRECT_LEVEL,REQUIRES_SCOPE,True,,,,,,,,,,,,,,,
BENCH-0078,BID.JO,2025-08-27 10:00,Financial highlights:,-       Strong cash generation 122% of trading profit and 108% of EBITDA turned into cash,"-       Headline earnings per share 2 562,7 cents, up 6,5%; up 9,6% in constant currency","[""122%"", ""108%""]",trading profit,trading_profit,unspecified,unspecified,unspecified,unspecified,unspecified,unspecified,unspecified,CHANGE_STATEMENT,CHANGE_RATE_ONLY,INFORMATIONAL_ONLY,True,,,,,,,,,,,,,,,
BENCH-0079,BID.JO,2025-08-27 10:00,Financial highlights:,-       Strong cash generation 122% of trading profit and 108% of EBITDA turned into cash,"-       Headline earnings per share 2 562,7 cents, up 6,5%; up 9,6% in constant currency","[""122%"", ""108%""]",ebitda,ebitda,group_consolidated,unspecified,unspecified,unspecified,unspecified,unspecified,unspecified,CHANGE_STATEMENT,CHANGE_RATE_ONLY,INFORMATIONAL_ONLY,True,,,,,,,,,,,,,,,
BENCH-0080,BID.JO,2025-08-27 10:00,Financial highlights:,"-       Headline earnings per share 2 562,7 cents, up 6,5%; up 9,6% in constant currency","-       Dividend distribution for the full year 1 160,0 cents, up 6,4%","[""2 562,7 cents"", ""6,5%"", ""9,6%""]",headline earnings per share,heps,unspecified,basic,unspecified,unspecified,unspecified,unspecified,headline_attributable,DIRECT_VALUE_LABEL,DIRECT_LEVEL,ELIGIBLE_WITH_QUALIFIER,False,,,,,,,,,,,,,,,
BENCH-0081,BID.JO,2025-08-27 10:00,Financial highlights:,"-       Dividend distribution for the full year 1 160,0 cents, up 6,4%",,"[""1 160,0 cents"", ""6,4%""]",dividend distribution for the full year,annual_dividend_per_share,unspecified,unspecified,gross,unspecified,unspecified,unspecified,unspecified,DIRECT_VALUE_LABEL,DIRECT_LEVEL,REQUIRES_PERIOD,True,,,,,,,,,,,,,,,
BENCH-0082,BID.JO,2025-08-27 10:00,Company tax reference number:                       9040946841,"Gross cash dividend amount per share:               600,0 cents","Net dividend amount per share:                      480,0 cents","[""600,0 cents""]",gross cash dividend amount per share,dividend_per_share,unspecified,unspecified,gross,unspecified,unspecified,unspecified,unspecified,DIRECT_VALUE_LABEL,DIRECT_LEVEL,ELIGIBLE_WITH_QUALIFIER,False,,,,,,,,,,,,,,,
BENCH-0083,BID.JO,2025-08-27 10:00,"Gross cash dividend amount per share:               600,0 cents","Net dividend amount per share:                      480,0 cents",Issued shares at declaration date:                  336 904 212,"[""480,0 cents""]",net dividend amount per share,dividend_per_share,unspecified,unspecified,net,unspecified,unspecified,unspecified,unspecified,DIRECT_VALUE_LABEL,DIRECT_LEVEL,ELIGIBLE_WITH_QUALIFIER,False,,,,,,,,,,,,,,,
BENCH-0084,ABG.JO,2025-08-18 10:10,,Headline earnings per ordinary share                                                   Cost-to-income ratio,2025                  Change %              2024                                       2025             Change             2024,[],headline earnings per ordinary share,heps,unspecified,unspecified,unspecified,unspecified,unspecified,unspecified,unspecified,CONCEPT_MENTION_ONLY,UNKNOWN,INFORMATIONAL_ONLY,True,,,,,,,,,,,,,,,
BENCH-0085,ABG.JO,2025-08-18 10:10,,Basic earnings per share                                                               Net interest margin,2025                  Change %              2024                                       2025             Change             2024,[],basic earnings per share,,unspecified,basic,unspecified,unspecified,unspecified,unspecified,unspecified,CONCEPT_MENTION_ONLY,UNKNOWN,INFORMATIONAL_ONLY,True,,,,,,,,,,,,,,,
BENCH-0086,ABG.JO,2025-08-18 10:10,"Requirements, the following additional information is disclosed:",-   Absa Group Limited currently has 894 376 907 ordinary shares in issue (includes 65 074 525 treasury shares).,-   Absa Group Limited's income tax reference number is 9150116714.,"[""894 376 907"", ""65 074 525""]",ordinary shares in issue,issued_shares_current,unspecified,unspecified,unspecified,unspecified,unspecified,unspecified,unspecified,DIRECT_VALUE_LABEL,DIRECT_LEVEL,ELIGIBLE,False,,,,,,,,,,,,,,,
BENCH-0087,ABG.JO,2025-08-18 10:10,"Requirements, the following additional information is disclosed:",-   Absa Group Limited currently has 894 376 907 ordinary shares in issue (includes 65 074 525 treasury shares).,-   Absa Group Limited's income tax reference number is 9150116714.,"[""894 376 907"", ""65 074 525""]",treasury shares,treasury_shares,unspecified,unspecified,unspecified,unspecified,unspecified,unspecified,unspecified,DIRECT_VALUE_LABEL,DIRECT_LEVEL,ELIGIBLE,False,,,,,,,,,,,,,,,
BENCH-0088,ABG.JO,2025-07-27 10:00,,"We expect mid-single digit revenue growth, with higher growth in non-interest income than net","interest income. Continuing the second half of 2024 trend, net interest income growth is expected",[],revenue,accounting_revenue,group_consolidated,unspecified,unspecified,unspecified,unspecified,unspecified,unspecified,CONCEPT_MENTION_ONLY,UNKNOWN,INFORMATIONAL_ONLY,True,,,,,,,,,,,,,,,
BENCH-0089,ABG.JO,2025-07-27 10:00,"to be muted given mid-single digit loan growth and some margin compression, particularly in","South Africa. We expect high single digit non-interest income growth, with strong trading revenue,",mid-single digit growth in net fee and commission income and modest net insurance income,[],revenue,accounting_revenue,group_consolidated,unspecified,unspecified,unspecified,unspecified,unspecified,unspecified,CONCEPT_MENTION_ONLY,UNKNOWN,INFORMATIONAL_ONLY,True,,,,,,,,,,,,,,,
BENCH-0090,ABG.JO,2025-07-27 10:00,"From a divisional perspective, we expect strong earnings growth from our reorganised Personal","and Private Banking, driven by lower credit impairments while revenue growth remains muted",given modest industry loan growth and our risk appetite reduction in personal loans. In Business,[],revenue,accounting_revenue,group_consolidated,unspecified,unspecified,unspecified,unspecified,unspecified,unspecified,CONCEPT_MENTION_ONLY,UNKNOWN,INFORMATIONAL_ONLY,True,,,,,,,,,,,,,,,
BENCH-0091,ARL.JO,2025-11-17 07:05,– Profit before interest and tax increase 11%,– Earnings per share increase 16%,– Headline earnings per share increase 14%,"[""16%""]",earnings per share,eps,unspecified,basic,unspecified,unspecified,unspecified,unspecified,unspecified,CHANGE_STATEMENT,CHANGE_RATE_ONLY,INFORMATIONAL_ONLY,True,,,,,,,,,,,,,,,
BENCH-0092,ARL.JO,2025-11-17 07:05,– Earnings per share increase 16%,– Headline earnings per share increase 14%,– Cash generated from operating activities increase 20%,"[""14%""]",headline earnings per share,heps,unspecified,basic,unspecified,unspecified,unspecified,unspecified,headline_attributable,CHANGE_STATEMENT,CHANGE_RATE_ONLY,INFORMATIONAL_ONLY,True,,,,,,,,,,,,,,,
BENCH-0093,ARL.JO,2025-11-17 07:05,Profit before interest and tax                     1 247 369      11%      1 124 909,Profit for the year                                  876 389      16%        752 904,Total assets                                       9 325 822       3%      9 097 786,"[""876 389"", ""16%"", ""752 904""]",profit for the year,profit_for_period,unspecified,unspecified,unspecified,unspecified,unspecified,unspecified,total_group,DIRECT_VALUE_LABEL,DIRECT_LEVEL,ELIGIBLE,False,,,,,,,,,,,,,,,
BENCH-0094,ARL.JO,2025-11-17 07:05,Profit for the year                                  876 389      16%        752 904,Total assets                                       9 325 822       3%      9 097 786,Total equity                                       5 374 623      13%      4 752 361,"[""9 325 822"", ""3%"", ""9 097 786""]",total assets,,unspecified,unspecified,unspecified,unspecified,unspecified,unspecified,unspecified,DIRECT_VALUE_LABEL,DIRECT_LEVEL,REQUIRES_SCOPE,True,,,,,,,,,,,,,,,
BENCH-0095,ARL.JO,2025-11-17 07:05,Total liabilities                                  3 951 199      (9%)     4 345 425,Earnings per share                                     2 276      16%          1 959,Headline earnings per share                            2 193      14%          1 920,"[""2 276"", ""16%"", ""1 959""]",earnings per share,eps,unspecified,basic,unspecified,unspecified,unspecified,unspecified,unspecified,DIRECT_VALUE_LABEL,DIRECT_LEVEL,ELIGIBLE_WITH_QUALIFIER,False,,,,,,,,,,,,,,,
BENCH-0096,ARL.JO,2025-11-17 07:05,Earnings per share                                     2 276      16%          1 959,Headline earnings per share                            2 193      14%          1 920,Dividends per share – declared out of earnings,"[""2 193"", ""14%"", ""1 920""]",headline earnings per share,heps,unspecified,basic,unspecified,unspecified,unspecified,unspecified,headline_attributable,DIRECT_VALUE_LABEL,DIRECT_LEVEL,ELIGIBLE_WITH_QUALIFIER,False,,,,,,,,,,,,,,,
BENCH-0097,ARL.JO,2025-11-17 07:05,following information is disclosed:,– Astral Foods Limited has currently 42 922 235 ordinary shares in issue (which includes 4 205 574 treasury,shares held by a subsidiary and 189 721 held in terms a forfeitable share scheme); and,"[""42 922 235"", ""4 205 574""]",ordinary shares in issue,issued_shares_current,unspecified,unspecified,unspecified,unspecified,unspecified,unspecified,unspecified,DIRECT_VALUE_LABEL,DIRECT_LEVEL,ELIGIBLE,False,,,,,,,,,,,,,,,
BENCH-0098,SOL.JO,2025-11-17 07:05,"468 586 487         72,12%            77,63%              22,37%            0,04%","* Based on the total number of Sasol Ordinary Shares and Sasol BEE Ordinary Shares in issue, being 649 775 104, as at","Friday, 7 November 2025, being the Record Date of the annual general meeting.","[""649 775 104""]",ordinary shares in issue,issued_shares_current,unspecified,unspecified,unspecified,unspecified,unspecified,unspecified,unspecified,DIRECT_VALUE_LABEL,DIRECT_LEVEL,ELIGIBLE,False,,,,,,,,,,,,,,,
BENCH-0099,MTN.JO,2025-11-17 07:05,•   Fintech transaction value increased by 38.0%* to US$342.3 billion,•   Further expansion in EBITDA margin to 45.0%* (+6.7pp*),•   Healthy balance sheet position supported by good cash upstreaming,"[""45.0%"", ""+6.7""]",ebitda,ebitda,group_consolidated,unspecified,unspecified,unspecified,unspecified,unspecified,unspecified,DIRECT_VALUE_LABEL,DIRECT_LEVEL,ELIGIBLE_WITH_QUALIFIER,False,,,,,,,,,,,,,,,
BENCH-0100,MTN.JO,2025-11-17 07:05,Highlights,•   Group service revenue increased by 25.9%; up 22.6%* in constant currency,(CC),"[""25.9%"", ""22.6%""]",revenue increased by,accounting_revenue,unspecified,unspecified,unspecified,unspecified,unspecified,unspecified,unspecified,CHANGE_STATEMENT,CHANGE_RATE_ONLY,INFORMATIONAL_ONLY,True,,,,,,,,,,,,,,,
BENCH-0101,MTN.JO,2025-11-17 07:05,(CC),•   Data revenue increased by 40.3%; up 35.4%* in CC,•   Voice revenue increased by 10.0%; up 10.8%* in CC,"[""40.3%"", ""35.4%""]",revenue increased by,accounting_revenue,unspecified,unspecified,unspecified,unspecified,unspecified,unspecified,unspecified,CHANGE_STATEMENT,CHANGE_RATE_ONLY,INFORMATIONAL_ONLY,True,,,,,,,,,,,,,,,
BENCH-0102,MTN.JO,2025-11-17 07:05,•   Data revenue increased by 40.3%; up 35.4%* in CC,•   Voice revenue increased by 10.0%; up 10.8%* in CC,•   Fintech revenue increased by 35.7%; up 23.1%* in CC,"[""10.0%"", ""10.8%""]",revenue increased by,accounting_revenue,unspecified,unspecified,unspecified,unspecified,unspecified,unspecified,unspecified,CHANGE_STATEMENT,CHANGE_RATE_ONLY,INFORMATIONAL_ONLY,True,,,,,,,,,,,,,,,
BENCH-0103,MTN.JO,2025-11-17 07:05,•   Voice revenue increased by 10.0%; up 10.8%* in CC,•   Fintech revenue increased by 35.7%; up 23.1%* in CC,•   Total subscribers increased by 5.8% to 301.3 million,"[""35.7%"", ""23.1%""]",revenue increased by,accounting_revenue,unspecified,unspecified,unspecified,unspecified,unspecified,unspecified,unspecified,CHANGE_STATEMENT,CHANGE_RATE_ONLY,INFORMATIONAL_ONLY,True,,,,,,,,,,,,,,,
BENCH-0104,MTN.JO,2025-11-17 07:05,9M to September 2024).,"EBITDA – earnings before interest, tax, depreciation and amortisation",pp – percentage points,[],ebitda,ebitda,group_consolidated,unspecified,unspecified,unspecified,unspecified,unspecified,unspecified,CONCEPT_MENTION_ONLY,UNKNOWN,INFORMATIONAL_ONLY,True,,,,,,,,,,,,,,,
BENCH-0105,MTN.JO,2025-11-17 07:05,9M to September 2024).,"EBITDA – earnings before interest, tax, depreciation and amortisation",pp – percentage points,[],depreciation and amortisation,depreciation_and_amortisation,unspecified,unspecified,unspecified,unspecified,unspecified,unspecified,unspecified,CONCEPT_MENTION_ONLY,UNKNOWN,INFORMATIONAL_ONLY,True,,,,,,,,,,,,,,,
BENCH-0106,MTN.JO,2025-11-17 07:05,Strong growth performance sustained by execution,We deployed capex of R27.9 billion in our networks and platforms – with capex,intensity of 16.8% within our 15-18% target range – to sustain the growth,"[""R27.9 billion""]",capex of r27.9,,unspecified,unspecified,unspecified,unspecified,unspecified,unspecified,unspecified,DIRECT_VALUE_LABEL,DIRECT_LEVEL,REQUIRES_BASIS,True,,,,,,,,,,,,,,,
BENCH-0107,MTN.JO,2025-11-17 07:05,Strong growth performance sustained by execution,We deployed capex of R27.9 billion in our networks and platforms – with capex,intensity of 16.8% within our 15-18% target range – to sustain the growth,"[""R27.9 billion""]",capex,,unspecified,unspecified,unspecified,unspecified,unspecified,unspecified,unspecified,DIRECT_VALUE_LABEL,DIRECT_LEVEL,REQUIRES_BASIS,True,,,,,,,,,,,,,,,
BENCH-0108,MTN.JO,2025-11-17 07:05,customers grew by 5.8% to close the period at 301.3 million.,"Group service revenue grew by 22.6%*, with an uptick in growth in Q3 (up",23.0%*). Data growth (up 35.4%*) was boosted by an expansion in active data,"[""22.6%""]",revenue grew by,accounting_revenue,unspecified,unspecified,unspecified,unspecified,unspecified,unspecified,unspecified,CHANGE_STATEMENT,CHANGE_RATE_ONLY,INFORMATIONAL_ONLY,True,,,,,,,,,,,,,,,
BENCH-0109,MTN.JO,2025-11-17 07:05,continued pressure in a highly competitive prepaid market.,"Group EBITDA was 41.1%* higher, with the expansion in margin to 45.0%* (up",6.7pp*) underpinned by strong topline growth and the ongoing group-wide,"[""41.1%"", ""45.0%""]",group ebitda,ebitda,group_consolidated,unspecified,unspecified,unspecified,unspecified,unspecified,unspecified,CHANGE_STATEMENT,CHANGE_RATE_ONLY,INFORMATIONAL_ONLY,True,,,,,,,,,,,,,,,
BENCH-0110,MTN.JO,2025-11-17 07:05,Our balance sheet remains in a strong position with an improvement in the,Group net debt-to-EBITDA to 0.4x at end-September 2025 (December 2024: 0.7x).,The Holdco leverage of 1.4x was flat on the December 2024 level and benefitted,"[""0.4"", ""2025"", ""2024"", ""0.7""]",net debt,,unspecified,unspecified,unspecified,unspecified,unspecified,unspecified,unspecified,DIRECT_VALUE_LABEL,DIRECT_LEVEL,REQUIRES_SOURCE_SECTION,True,,,,,,,,,,,,,,,
BENCH-0111,MTN.JO,2025-11-17 07:05,Our balance sheet remains in a strong position with an improvement in the,Group net debt-to-EBITDA to 0.4x at end-September 2025 (December 2024: 0.7x).,The Holdco leverage of 1.4x was flat on the December 2024 level and benefitted,"[""0.4"", ""2025"", ""2024"", ""0.7""]",ebitda,ebitda,group_consolidated,unspecified,unspecified,unspecified,unspecified,unspecified,unspecified,DIRECT_VALUE_LABEL,DIRECT_LEVEL,ELIGIBLE_WITH_QUALIFIER,False,,,,,,,,,,,,,,,
BENCH-0112,MTN.JO,2025-11-17 07:05,flexibility to execute our growth strategy. We will continue to invest,prudently in support of our ambitions with a targeted capex of R33-38 billion,(ex?leases) for FY 2025 based on current currency assumptions. Our medium-,"[""R33"", ""38 billion""]",capex of r33,,unspecified,unspecified,unspecified,unspecified,unspecified,unspecified,unspecified,DIRECT_VALUE_LABEL,DIRECT_LEVEL,REQUIRES_BASIS,True,,,,,,,,,,,,,,,
BENCH-0113,MTN.JO,2025-11-17 07:05,"by segment, data revenue, enterprise revenue, wholesale revenue, fintech","revenue, digital revenue, voice revenue; outgoing voice revenue; Group EBITDA",(before once-off items); Capex (ex-leases); EBITDA; EBITDA margin; Adjusted,[],group ebitda,ebitda,group_consolidated,unspecified,unspecified,unspecified,unspecified,unspecified,unspecified,CONCEPT_MENTION_ONLY,UNKNOWN,INFORMATIONAL_ONLY,True,,,,,,,,,,,,,,,
BENCH-0114,MTN.JO,2025-11-17 07:05,"revenue, digital revenue, voice revenue; outgoing voice revenue; Group EBITDA",(before once-off items); Capex (ex-leases); EBITDA; EBITDA margin; Adjusted,EBITDA; PAT; loss after tax; and net debt analysis as included in this SENS,[],capex,,unspecified,unspecified,unspecified,unspecified,unspecified,unspecified,unspecified,CONCEPT_MENTION_ONLY,UNKNOWN,INFORMATIONAL_ONLY,True,,,,,,,,,,,,,,,
BENCH-0115,MTN.JO,2025-11-17 07:05,"revenue, digital revenue, voice revenue; outgoing voice revenue; Group EBITDA",(before once-off items); Capex (ex-leases); EBITDA; EBITDA margin; Adjusted,EBITDA; PAT; loss after tax; and net debt analysis as included in this SENS,[],ebitda,ebitda,group_consolidated,unspecified,unspecified,unspecified,unspecified,unspecified,unspecified,CONCEPT_MENTION_ONLY,UNKNOWN,INFORMATIONAL_ONLY,True,,,,,,,,,,,,,,,
BENCH-0116,MTN.JO,2025-11-17 07:05,"revenue, digital revenue, voice revenue; outgoing voice revenue; Group EBITDA",(before once-off items); Capex (ex-leases); EBITDA; EBITDA margin; Adjusted,EBITDA; PAT; loss after tax; and net debt analysis as included in this SENS,[],ebitda,ebitda,group_consolidated,unspecified,unspecified,unspecified,unspecified,unspecified,unspecified,CONCEPT_MENTION_ONLY,UNKNOWN,INFORMATIONAL_ONLY,True,,,,,,,,,,,,,,,
BENCH-0117,MTN.JO,2025-11-17 07:05,(before once-off items); Capex (ex-leases); EBITDA; EBITDA margin; Adjusted,EBITDA; PAT; loss after tax; and net debt analysis as included in this SENS,announcement has been prepared to provide users with a further operational,[],ebitda,ebitda,group_consolidated,unspecified,unspecified,unspecified,unspecified,unspecified,unspecified,CONCEPT_MENTION_ONLY,UNKNOWN,INFORMATIONAL_ONLY,True,,,,,,,,,,,,,,,
BENCH-0118,MTN.JO,2025-11-17 07:05,(before once-off items); Capex (ex-leases); EBITDA; EBITDA margin; Adjusted,EBITDA; PAT; loss after tax; and net debt analysis as included in this SENS,announcement has been prepared to provide users with a further operational,[],net debt,,unspecified,unspecified,unspecified,unspecified,unspecified,unspecified,unspecified,CONCEPT_MENTION_ONLY,UNKNOWN,INFORMATIONAL_ONLY,True,,,,,,,,,,,,,,,
BENCH-0119,WBC.JO,2025-11-17 07:05,the year ended 30 September 2025.,WeBuyCars utilises core headline earnings to measure and benchmark the underlying performance of,the business. Core headline earnings represents headline earnings adjusted for certain non-,[],headline earnings,headline_earnings,unspecified,unspecified,unspecified,unspecified,unspecified,unspecified,headline_attributable,CONCEPT_MENTION_ONLY,UNKNOWN,INFORMATIONAL_ONLY,True,,,,,,,,,,,,,,,
BENCH-0120,WBC.JO,2025-11-17 07:05,WeBuyCars utilises core headline earnings to measure and benchmark the underlying performance of,the business. Core headline earnings represents headline earnings adjusted for certain non-,"recurring or non-cash items that, in the view of the Board, may distort the financial results from",[],headline earnings,headline_earnings,unspecified,unspecified,unspecified,unspecified,unspecified,unspecified,headline_attributable,CONCEPT_MENTION_ONLY,UNKNOWN,INFORMATIONAL_ONLY,True,,,,,,,,,,,,,,,
BENCH-0121,WBC.JO,2025-11-17 07:05,WeBuyCars utilises core headline earnings to measure and benchmark the underlying performance of,the business. Core headline earnings represents headline earnings adjusted for certain non-,"recurring or non-cash items that, in the view of the Board, may distort the financial results from",[],headline earnings,headline_earnings,unspecified,unspecified,unspecified,unspecified,unspecified,unspecified,headline_attributable,CONCEPT_MENTION_ONLY,UNKNOWN,INFORMATIONAL_ONLY,True,,,,,,,,,,,,,,,
BENCH-0122,WBC.JO,2025-11-17 07:05,"Revenue                                         Rm        26 377,2       23 319,2          13,1","Core headline earnings (i)                      Rm           937,6          815,4          15,0","Core headline earnings per share (i,ii)      Cents           224,6          217,4           3,3","[""937,6"", ""815,4"", ""15,0""]",headline earnings,headline_earnings,unspecified,unspecified,unspecified,unspecified,unspecified,unspecified,headline_attributable,DIRECT_VALUE_LABEL,DIRECT_LEVEL,ELIGIBLE_WITH_QUALIFIER,False,,,,,,,,,,,,,,,
BENCH-0123,WBC.JO,2025-11-17 07:05,"Core headline earnings (i)                      Rm           937,6          815,4          15,0","Core headline earnings per share (i,ii)      Cents           224,6          217,4           3,3","Basic earnings                                  Rm           935,4          343,1         > 100","[""224,6"", ""217,4"", ""3,3""]",headline earnings per share,heps,unspecified,basic,unspecified,unspecified,unspecified,unspecified,headline_attributable,DIRECT_VALUE_LABEL,DIRECT_LEVEL,ELIGIBLE_WITH_QUALIFIER,False,,,,,,,,,,,,,,,
BENCH-0124,WBC.JO,2025-11-17 07:05,"Basic earnings                                  Rm           935,4          343,1         > 100","Basic earnings per share (ii)                Cents           224,1           91,5         > 100","Headline earnings                               Rm           937,6          343,9         > 100","[""224,1"", ""91,5"", ""100""]",basic earnings per share,,unspecified,basic,unspecified,unspecified,unspecified,unspecified,unspecified,DIRECT_VALUE_LABEL,DIRECT_LEVEL,REQUIRES_PERIOD,True,,,,,,,,,,,,,,,
BENCH-0125,WBC.JO,2025-11-17 07:05,"Basic earnings per share (ii)                Cents           224,1           91,5         > 100","Headline earnings                               Rm           937,6          343,9         > 100","Headline earnings per share (ii)             Cents           224,6           91,7         > 100","[""937,6"", ""343,9"", ""100""]",headline earnings,headline_earnings,unspecified,unspecified,unspecified,unspecified,unspecified,unspecified,headline_attributable,DIRECT_VALUE_LABEL,DIRECT_LEVEL,ELIGIBLE_WITH_QUALIFIER,False,,,,,,,,,,,,,,,
BENCH-0126,WBC.JO,2025-11-17 07:05,"Headline earnings                               Rm           937,6          343,9         > 100","Headline earnings per share (ii)             Cents           224,6           91,7         > 100","Final cash dividend per share                Cents              30             25          20,0","[""224,6"", ""91,7"", ""100""]",headline earnings per share,heps,unspecified,basic,unspecified,unspecified,unspecified,unspecified,headline_attributable,DIRECT_VALUE_LABEL,DIRECT_LEVEL,ELIGIBLE_WITH_QUALIFIER,False,,,,,,,,,,,,,,,
BENCH-0127,WBC.JO,2025-11-17 07:05,"Headline earnings per share (ii)             Cents           224,6           91,7         > 100","Final cash dividend per share                Cents              30             25          20,0","i.  Core headline earnings is a non-IFRS measure which excludes gains/losses, costs and adjustments","[""30"", ""25"", ""20,0""]",dividend per share,dividend_per_share,unspecified,unspecified,gross,unspecified,unspecified,unspecified,unspecified,DIRECT_VALUE_LABEL,DIRECT_LEVEL,ELIGIBLE_WITH_QUALIFIER,False,,,,,,,,,,,,,,,
BENCH-0128,WBC.JO,2025-11-17 07:05,"Final cash dividend per share                Cents              30             25          20,0","i.  Core headline earnings is a non-IFRS measure which excludes gains/losses, costs and adjustments",relating to acquisitions and disposals of investments; once-off transaction costs which are,[],headline earnings,headline_earnings,unspecified,unspecified,unspecified,unspecified,unspecified,unspecified,headline_attributable,CONCEPT_MENTION_ONLY,UNKNOWN,INFORMATIONAL_ONLY,True,,,,,,,,,,,,,,,
BENCH-0129,WBC.JO,2025-11-17 07:05,ii. Weighted average number of ordinary shares (‘Shares’) in issue at 30 September 2025: 417 401 341,(30 September 2024: 375 029 205). Actual number of Shares in issue at 30 September 2025:,417 675 981 (30 September 2024: 417 181 120).,"[""30"", ""2024"", ""375 029 205"", ""30"", ""2025""]",number of shares in issue,,unspecified,unspecified,unspecified,unspecified,unspecified,unspecified,unspecified,DIRECT_VALUE_LABEL,DIRECT_LEVEL,REQUIRES_PERIOD,True,,,,,,,,,,,,,,,
BENCH-0130,WBC.JO,2025-11-17 07:05,Financial Results,The Group continued on its long-term growth trajectory with core headline earnings for the year ended,"30 September 2025 at R937,6 million growing 15,0% and core headline earnings per share growing 3,3%",[],headline earnings for the year,headline_earnings,unspecified,unspecified,unspecified,unspecified,unspecified,unspecified,headline_attributable,CONCEPT_MENTION_ONLY,UNKNOWN,INFORMATIONAL_ONLY,True,,,,,,,,,,,,,,,
BENCH-0131,WBC.JO,2025-11-17 07:05,The Group continued on its long-term growth trajectory with core headline earnings for the year ended,"30 September 2025 at R937,6 million growing 15,0% and core headline earnings per share growing 3,3%","(impacted by the new share issues as set out below), when compared to the prior year. The key drivers","[""30"", ""2025"", ""R937,6 million"", ""15,0%"", ""3,3%""]",headline earnings per share,heps,unspecified,basic,unspecified,unspecified,unspecified,unspecified,headline_attributable,CONCEPT_MENTION_ONLY,UNKNOWN,INFORMATIONAL_ONLY,True,,,,,,,,,,,,,,,
BENCH-0132,WBC.JO,2025-11-17 07:05,"(impacted by the new share issues as set out below), when compared to the prior year. The key drivers","of this growth in core headline earnings were higher volumes, higher average selling prices, a higher","net insurance result, lower finance costs and cost efficiencies driven by economies of scale.",[],headline earnings,headline_earnings,unspecified,unspecified,unspecified,unspecified,unspecified,unspecified,headline_attributable,CONCEPT_MENTION_ONLY,UNKNOWN,INFORMATIONAL_ONLY,True,,,,,,,,,,,,,,,
BENCH-0133,WBC.JO,2025-11-17 07:05,"net insurance result, lower finance costs and cost efficiencies driven by economies of scale.","Group revenue at R26,4 billion increased by 13,1% when compared to the prior year. Buying and selling","volumes at 180 576 and 179 006 units were up 7,7% and 8,4%, respectively. The number of vehicles","[""R26,4 billion"", ""13,1%""]",group revenue,accounting_revenue,group_consolidated,unspecified,unspecified,unspecified,unspecified,unspecified,unspecified,CHANGE_STATEMENT,CHANGE_RATE_TO_LEVEL,INFORMATIONAL_ONLY,False,,,,,,,,,,,,,,,
BENCH-0134,WBC.JO,2025-11-17 07:05,"The 83 185 241 new Shares issued on 29 February 2024, 27 March 2024 and 11 April 2024, have had an","unfavourable impact on the core headline earnings per share, the basic earnings per share and the",headline earnings per share for the year ended 30 September 2025. These new Shares were issued in terms,[],headline earnings per share,heps,unspecified,basic,unspecified,unspecified,unspecified,unspecified,headline_attributable,CONCEPT_MENTION_ONLY,UNKNOWN,INFORMATIONAL_ONLY,True,,,,,,,,,,,,,,,
BENCH-0135,WBC.JO,2025-11-17 07:05,"The 83 185 241 new Shares issued on 29 February 2024, 27 March 2024 and 11 April 2024, have had an","unfavourable impact on the core headline earnings per share, the basic earnings per share and the",headline earnings per share for the year ended 30 September 2025. These new Shares were issued in terms,[],basic earnings per share,,unspecified,basic,unspecified,unspecified,unspecified,unspecified,unspecified,CONCEPT_MENTION_ONLY,UNKNOWN,INFORMATIONAL_ONLY,True,,,,,,,,,,,,,,,
BENCH-0136,WBC.JO,2025-11-17 07:05,"unfavourable impact on the core headline earnings per share, the basic earnings per share and the",headline earnings per share for the year ended 30 September 2025. These new Shares were issued in terms,"of the pre-listing capital raise, which was approved by shareholders prior to the listing of WeBuyCars","[""30"", ""2025""]",headline earnings per share for the year,heps,unspecified,basic,unspecified,unspecified,unspecified,unspecified,headline_attributable,CONCEPT_MENTION_ONLY,UNKNOWN,INFORMATIONAL_ONLY,True,,,,,,,,,,,,,,,
BENCH-0137,WBC.JO,2025-11-17 07:05,"The Company’s dividend policy is to declare between 25% and 33% of its headline earnings as a dividend,",subject to working capital requirements and capital expenditure required for expansion and maintenance.,WeBuyCars is a company that intends to grow its footprint across South Africa responsibly. The Group,[],working capital,,unspecified,unspecified,unspecified,unspecified,unspecified,unspecified,unspecified,CONCEPT_MENTION_ONLY,UNKNOWN,INFORMATIONAL_ONLY,True,,,,,,,,,,,,,,,
BENCH-0138,WBC.JO,2025-11-17 07:05,"The Company’s dividend policy is to declare between 25% and 33% of its headline earnings as a dividend,",subject to working capital requirements and capital expenditure required for expansion and maintenance.,WeBuyCars is a company that intends to grow its footprint across South Africa responsibly. The Group,[],capital expenditure,,unspecified,unspecified,unspecified,unspecified,unspecified,unspecified,unspecified,CONCEPT_MENTION_ONLY,UNKNOWN,INFORMATIONAL_ONLY,True,,,,,,,,,,,,,,,
BENCH-0139,PRX.JO,2025-11-17 07:50,Prosus is issuing this trading statement.,Core headline earnings per ordinary share N for continuing operations for the period are expected to increase between,"20.1%-28.5%. The board considers core headline earnings a useful indicator of the operating performance of the Group,",[],headline earnings per ordinary share,heps,unspecified,unspecified,unspecified,unspecified,unspecified,unspecified,unspecified,CONCEPT_MENTION_ONLY,UNKNOWN,INFORMATIONAL_ONLY,True,,,,,,,,,,,,,,,
BENCH-0140,PRX.JO,2025-11-17 07:50,as it adjusts for non-operational items.,Headline earnings per ordinary share N for continuing operations will rise between 6.5%-15.9%.,Both of the above measures are driven by strong growth in revenue and profitability of our consolidated Ecommerce,"[""6.5%"", ""-15.9%""]",headline earnings per ordinary share,heps,unspecified,unspecified,unspecified,unspecified,unspecified,unspecified,unspecified,GUIDANCE_STATEMENT,RANGE,INFORMATIONAL_ONLY,True,,,,,,,,,,,,,,,
BENCH-0141,PRX.JO,2025-11-17 07:50,Both of the above measures are driven by strong growth in revenue and profitability of our consolidated Ecommerce,"businesses and our equity-accounted investments, particularly Tencent. Core headline earnings per share also","benefited from the exclusion of foreign currency translation losses, which are included in headline earnings.",[],headline earnings per share,heps,unspecified,basic,unspecified,unspecified,unspecified,unspecified,headline_attributable,CONCEPT_MENTION_ONLY,UNKNOWN,INFORMATIONAL_ONLY,True,,,,,,,,,,,,,,,
BENCH-0142,PRX.JO,2025-11-17 07:50,"Tencent, and also the gain on the sale of Tencent shares related to the share repurchase programme. This gain is",excluded from headline and core headline earnings per share.,"Illustrated below are the anticipated changes in earnings, headline earnings and core headline earnings per share for",[],headline earnings per share,heps,unspecified,basic,unspecified,unspecified,unspecified,unspecified,headline_attributable,CONCEPT_MENTION_ONLY,UNKNOWN,INFORMATIONAL_ONLY,True,,,,,,,,,,,,,,,
BENCH-0143,PRX.JO,2025-11-17 07:50,excluded from headline and core headline earnings per share.,"Illustrated below are the anticipated changes in earnings, headline earnings and core headline earnings per share for",continuing operations for the period ended 30 September 2025 as compared to 30 September 2024 for continuing and,[],headline earnings per share,heps,unspecified,basic,unspecified,unspecified,unspecified,unspecified,headline_attributable,CONCEPT_MENTION_ONLY,UNKNOWN,INFORMATIONAL_ONLY,True,,,,,,,,,,,,,,,
BENCH-0144,PRX.JO,2025-11-17 07:50,by the Group’s auditors.,"*** Headline earnings represents net profit for the year attributable to the Group’s equity holders, excluding certain","defined separately identifiable remeasurements relating to, amongst others, impairments of tangible assets, intangible",[],profit for the year,profit_for_period,unspecified,unspecified,unspecified,unspecified,unspecified,unspecified,total_group,CONCEPT_MENTION_ONLY,UNKNOWN,INFORMATIONAL_ONLY,True,,,,,,,,,,,,,,,
BENCH-0145,PRX.JO,2025-11-17 07:50,"Accountants, at the request of the JSE Limited in relation to the calculation of headline earnings and disclosure of a",detailed reconciliation of headline earnings to the earnings numbers used in the calculation of basic earnings per share,"in accordance with the requirements of IAS 33 – Earnings per Share, under the JSE Listings Requirements.",[],basic earnings per share,,unspecified,basic,unspecified,unspecified,unspecified,unspecified,unspecified,CONCEPT_MENTION_ONLY,UNKNOWN,INFORMATIONAL_ONLY,True,,,,,,,,,,,,,,,
BENCH-0146,PRX.JO,2025-11-17 07:50,detailed reconciliation of headline earnings to the earnings numbers used in the calculation of basic earnings per share,"in accordance with the requirements of IAS 33 – Earnings per Share, under the JSE Listings Requirements.","**** Core headline earnings, a non-IFRS performance measure, represent headline earnings for the period, excluding","[""33""]",earnings per share,eps,unspecified,basic,unspecified,unspecified,unspecified,unspecified,unspecified,DIRECT_VALUE_LABEL,DIRECT_LEVEL,ELIGIBLE_WITH_QUALIFIER,False,,,,,,,,,,,,,,,
BENCH-0147,PRX.JO,2025-11-17 07:50,"in accordance with the requirements of IAS 33 – Earnings per Share, under the JSE Listings Requirements.","**** Core headline earnings, a non-IFRS performance measure, represent headline earnings for the period, excluding","certain non-operating items. Specifically, headline earnings are adjusted for the following items to derive core headline",[],headline earnings for the period,headline_earnings,unspecified,unspecified,unspecified,unspecified,unspecified,unspecified,headline_attributable,CONCEPT_MENTION_ONLY,UNKNOWN,INFORMATIONAL_ONLY,True,,,,,,,,,,,,,,,
BENCH-0148,PRX.JO,2025-11-17 07:50,earnings: (i) equity-settled share-based payment expenses on transactions where there is no cash cost to us. These,"include those relating to share-based incentive awards settled by issuing treasury shares, as well as certain share-based",payment expenses that are deemed to arise on shareholder transactions; (ii) subsequent fair-value remeasurement of,[],treasury shares,treasury_shares,unspecified,unspecified,unspecified,unspecified,unspecified,unspecified,unspecified,CONCEPT_MENTION_ONLY,UNKNOWN,INFORMATIONAL_ONLY,True,,,,,,,,,,,,,,,
BENCH-0149,PRX.JO,2025-11-17 07:50,cash-settled share-based incentive expenses; (iii) cash-settled share-based compensation expenses deemed to arise,from shareholder transactions by virtue of employment; (iv) deferred taxation income recognised on the first-time,recognition of deferred tax assets as this generally relates to multiple prior periods and distorts current period,[],taxation,,unspecified,unspecified,unspecified,unspecified,unspecified,unspecified,unspecified,CONCEPT_MENTION_ONLY,UNKNOWN,INFORMATIONAL_ONLY,True,,,,,,,,,,,,,,,
BENCH-0150,PRX.JO,2025-11-17 07:50,acquisitions and disposals of businesses as these items relate to changes in our composition and are not reflective of our,underlying operating performance and (vii) the amortisation of intangible assets recognised in business combinations,"and acquisitions. These adjustments are made to the earnings of businesses controlled by us, as well as our share of",[],amortisation,,unspecified,unspecified,unspecified,unspecified,unspecified,unspecified,unspecified,CONCEPT_MENTION_ONLY,UNKNOWN,INFORMATIONAL_ONLY,True,,,,,,,,,,,,,,,
BENCH-0151,PRX.JO,2025-11-17 07:50,"earnings of associates and joint ventures, to the extent that the information is available.",(1) Per share information is based on the net number of N ordinary shares in issue during the respective periods. The A,ordinary shareholders and B ordinary shareholders share 1/5 th and 1/1 000 000th respectively of the earnings,"[""(1)""]",ordinary shares in issue,issued_shares_current,unspecified,unspecified,unspecified,unspecified,unspecified,unspecified,unspecified,CONCEPT_MENTION_ONLY,UNKNOWN,INFORMATIONAL_ONLY,True,,,,,,,,,,,,,,,
BENCH-0152,NPN.JO,2025-11-17 07:50,"from the exclusion of foreign currency translation losses, which are included in headline earnings.",Earnings per share for continuing operations during the period is expected to increase between 30.2%-37.2 %. This is,"primarily due to increased profitability in our consolidated and equity accounted results -primarily Tencent, and also the gain","[""30.2%"", ""-37.2""]",earnings per share,eps,unspecified,basic,unspecified,unspecified,unspecified,unspecified,unspecified,GUIDANCE_STATEMENT,RANGE,INFORMATIONAL_ONLY,True,,,,,,,,,,,,,,,
BENCH-0153,NPN.JO,2025-11-17 07:50,US cents,Earnings per share(1)                                            1 123                  339-418              30.2%-37.2%,Headline earnings per share(1)                                     643                    36-81               5.6%-12.6%,"[""1"", ""1 123"", ""339"", ""418"", ""30.2%"", ""-37.2%""]",earnings per share,eps,unspecified,basic,unspecified,unspecified,unspecified,unspecified,unspecified,DIRECT_VALUE_LABEL,DIRECT_LEVEL,ELIGIBLE_WITH_QUALIFIER,False,,,,,,,,,,,,,,,
BENCH-0154,NPN.JO,2025-11-17 07:50,US cents                 US cents,Earnings per share(1)                                            1 097                  365-444              33.3%-40.5%,Headline earnings per share(1)                                     638                    41-86               6.5%-13.5%,"[""1"", ""1 097"", ""365"", ""444"", ""33.3%"", ""-40.5%""]",earnings per share,eps,unspecified,basic,unspecified,unspecified,unspecified,unspecified,unspecified,DIRECT_VALUE_LABEL,DIRECT_LEVEL,ELIGIBLE_WITH_QUALIFIER,False,,,,,,,,,,,,,,,
BENCH-0155,NPN.JO,2025-11-17 07:50,"In October 2025, a five-for-one (5:1) share split was completed. The prior periods have been adjusted to enable comparability","for earnings and diluted earnings per share. Illustrated below are the impact on earnings, headline earnings and core headline","earnings per share for continuing operations for the period ended 30 September 2025, as compared to 30 September 2024,",[],diluted earnings per share,,unspecified,diluted,unspecified,unspecified,unspecified,unspecified,unspecified,CONCEPT_MENTION_ONLY,UNKNOWN,INFORMATIONAL_ONLY,True,,,,,,,,,,,,,,,
BENCH-0156,NPN.JO,2025-11-17 07:50,"for earnings and diluted earnings per share. Illustrated below are the impact on earnings, headline earnings and core headline","earnings per share for continuing operations for the period ended 30 September 2025, as compared to 30 September 2024,",for continuing and total operations:,"[""30"", ""2025"", ""30"", ""2024""]",earnings per share,eps,unspecified,basic,unspecified,unspecified,unspecified,unspecified,unspecified,CONCEPT_MENTION_ONLY,UNKNOWN,INFORMATIONAL_ONLY,True,,,,,,,,,,,,,,,
BENCH-0157,NPN.JO,2025-11-17 07:50,US cents,Earnings per share(1)                                              225                    68-84              30.2%-37.2%,Headline earnings per share(1)                                     129                     7-16               5.6%-12.6%,"[""1"", ""225"", ""68"", ""84"", ""30.2%"", ""-37.2%""]",earnings per share,eps,unspecified,basic,unspecified,unspecified,unspecified,unspecified,unspecified,DIRECT_VALUE_LABEL,DIRECT_LEVEL,ELIGIBLE_WITH_QUALIFIER,False,,,,,,,,,,,,,,,
BENCH-0158,NPN.JO,2025-11-17 07:50,US cents,Earnings per share(1)                                              219                     73-89             33.3%-40.5%,Headline earnings per share(1)                                     128                      8-17              6.5%-13.5%,"[""1"", ""219"", ""73"", ""89"", ""33.3%"", ""-40.5%""]",earnings per share,eps,unspecified,basic,unspecified,unspecified,unspecified,unspecified,unspecified,DIRECT_VALUE_LABEL,DIRECT_LEVEL,ELIGIBLE_WITH_QUALIFIER,False,,,,,,,,,,,,,,,
BENCH-0159,NPN.JO,2025-11-17 07:50,Financial information on which this trading statement is based has not been subject to an independent audit or review by the,"* Core headline earnings, a non-IFRS performance measure, represent headline earnings for the period, excluding certain non-","operating items. Specifically, headline earnings are adjusted for the following items to derive core headline earnings: (i) equity-",[],headline earnings for the period,headline_earnings,unspecified,unspecified,unspecified,unspecified,unspecified,unspecified,headline_attributable,CONCEPT_MENTION_ONLY,UNKNOWN,INFORMATIONAL_ONLY,True,,,,,,,,,,,,,,,
BENCH-0160,NPN.JO,2025-11-17 07:50,settled share-based payment expenses on transactions where there is no cash cost to us. These include those relating to share-,"based incentive awards settled by issuing treasury shares, as well as certain share-based",payment expenses that are deemed to arise on shareholder transactions; (ii) subsequent fair-value remeasurement of cash-,[],treasury shares,treasury_shares,unspecified,unspecified,unspecified,unspecified,unspecified,unspecified,unspecified,CONCEPT_MENTION_ONLY,UNKNOWN,INFORMATIONAL_ONLY,True,,,,,,,,,,,,,,,
BENCH-0161,NPN.JO,2025-11-17 07:50,settled share-based incentive expenses; (iii) cash-settled share-based compensation expenses deemed to arise from shareholder,transactions by virtue of employment; (iv) deferred taxation income recognised on the first-time recognition of deferred tax,assets as this generally relates to multiple prior periods and distorts current period performance; (v) fair-value adjustments on,[],taxation,,unspecified,unspecified,unspecified,unspecified,unspecified,unspecified,unspecified,CONCEPT_MENTION_ONLY,UNKNOWN,INFORMATIONAL_ONLY,True,,,,,,,,,,,,,,,
BENCH-0162,NPN.JO,2025-11-17 07:50,items relate to changes in our composition and are not reflective of our underlying operating performance and (vii) the,amortisation of intangible assets recognised in business combinations and acquisitions. These adjustments are made to the,"earnings of businesses controlled by us, as well as our share of earnings of associates and joint ventures, to the extent that the",[],amortisation,,unspecified,unspecified,unspecified,unspecified,unspecified,unspecified,unspecified,CONCEPT_MENTION_ONLY,UNKNOWN,INFORMATIONAL_ONLY,True,,,,,,,,,,,,,,,
BENCH-0163,NPN.JO,2025-11-17 07:50,The pro forma financial information is the responsibility of the Group’s directors.,(1) Per share information is based on the net number of A and N ordinary shares in issue during the respective periods.,17 November 2025,"[""(1)""]",ordinary shares in issue,issued_shares_current,unspecified,unspecified,unspecified,unspecified,unspecified,unspecified,unspecified,CONCEPT_MENTION_ONLY,UNKNOWN,INFORMATIONAL_ONLY,True,,,,,,,,,,,,,,,
BENCH-0164,ANI.JO,2025-11-17 11:32,Distributable earnings                                         R18 964 807       R14 697 212         29.04%,Basic and diluted earnings per share (cents)                         26.14             22.04         18.60%,Headline earnings per share (cents)                                  26.15             22.04         18.65%,"[""26.14"", ""22.04"", ""18.60%""]",diluted earnings per share,,unspecified,diluted,unspecified,unspecified,unspecified,unspecified,unspecified,DIRECT_VALUE_LABEL,DIRECT_LEVEL,REQUIRES_PERIOD,True,,,,,,,,,,,,,,,
BENCH-0165,ANI.JO,2025-11-17 11:32,Headline earnings per share (cents)                                  26.15             22.04         18.65%,Dividend per share (cents) (Note 1)                                  22.30             20.50          8.78%,Net asset value per share                                            R4.65             R4.07         14.25%,"[""1"", ""22.30"", ""20.50"", ""8.78%""]",dividend per share,dividend_per_share,unspecified,unspecified,gross,unspecified,unspecified,unspecified,unspecified,DIRECT_VALUE_LABEL,DIRECT_LEVEL,ELIGIBLE_WITH_QUALIFIER,False,,,,,,,,,,,,,,,
BENCH-0166,ANI.JO,2025-11-17 11:32,Dividend per share (cents) (Note 1)                                  22.30             20.50          8.78%,Net asset value per share                                            R4.65             R4.07         14.25%,Notes:,"[""R4.65"", ""R4.07"", ""14.25%""]",net asset value per share,nav_per_share,unspecified,unspecified,unspecified,unspecified,unspecified,unspecified,unspecified,DIRECT_VALUE_LABEL,DIRECT_LEVEL,ELIGIBLE,False,,,,,,,,,,,,,,,
BENCH-0167,ANI.JO,2025-11-17 11:32,Notes:,1.   The dividend per share of 22.30 cents relates to the financial year ended February 2025 and which was,subsequently paid in June 2025.,"[""1."", ""22.30 cents"", ""2025""]",dividend per share,dividend_per_share,unspecified,unspecified,gross,unspecified,unspecified,unspecified,unspecified,DIRECT_VALUE_LABEL,DIRECT_LEVEL,ELIGIBLE_WITH_QUALIFIER,False,,,,,,,,,,,,,,,
BENCH-0168,ANI.JO,2025-11-17 11:32,"received by a non-resident from a REIT will be subject to dividend withholding tax at 20%, unless the rate is",reduced in terms of any applicable agreement for the avoidance of double taxation (‘DTA’) between South,Africa and the country of residence of the shareholder concerned. Assuming dividend withholding tax will,[],taxation,,unspecified,unspecified,unspecified,unspecified,unspecified,unspecified,unspecified,CONCEPT_MENTION_ONLY,UNKNOWN,INFORMATIONAL_ONLY,True,,,,,,,,,,,,,,,
BENCH-0169,GLN.JO,2025-11-17 10:05,The Company purchases the Shares for cancellation. Following this transaction (and cancellation,"upon settlement), the Company will have 11,781,216,854 Shares in issue (excluding treasury Shares","held in treasury), which corresponds to the total number of voting rights. It will also hold","[""11,781,216,854""]",shares in issue,,unspecified,unspecified,unspecified,unspecified,unspecified,unspecified,unspecified,DIRECT_VALUE_LABEL,DIRECT_LEVEL,REQUIRES_PERIOD,True,,,,,,,,,,,,,,,
BENCH-0170,GLN.JO,2025-11-17 10:05,The Company purchases the Shares for cancellation. Following this transaction (and cancellation,"upon settlement), the Company will have 11,781,216,854 Shares in issue (excluding treasury Shares","held in treasury), which corresponds to the total number of voting rights. It will also hold","[""11,781,216,854""]",treasury shares,treasury_shares,unspecified,unspecified,unspecified,unspecified,unspecified,unspecified,unspecified,DIRECT_VALUE_LABEL,DIRECT_LEVEL,ELIGIBLE,False,,,,,,,,,,,,,,,
BENCH-0171,BYI.JO,2025-11-17 09:30,BTG intends to cancel all of the purchased shares. Following settlement of the above purchases and,"cancellation of the purchased Ordinary Shares, the Company’s total number of Ordinary Shares in issue,","and its total voting rights, will be 236,893,629 Ordinary Shares. The Company does not hold any shares",[],ordinary shares in issue,issued_shares_current,unspecified,unspecified,unspecified,unspecified,unspecified,unspecified,unspecified,CONCEPT_MENTION_ONLY,UNKNOWN,INFORMATIONAL_ONLY,True,,,,,,,,,,,,,,,
BENCH-0172,SRE.JO,2025-11-17 09:00,Operating platform continues to drive rental and FFO growth,"•   56.8% increase in profit after tax to €87.0m (30 September 2024: €55.5m) due to strong operational performance, valuation",gain and release of deferred tax liabilities in the German portfolio as the German government enacted an annual 1% reduction,"[""56.8%"", ""\u20ac87.0m"", ""30"", ""2024"", ""\u20ac55.5m""]",profit after tax,,unspecified,unspecified,unspecified,unspecified,unspecified,unspecified,unspecified,CHANGE_STATEMENT,CHANGE_RATE_TO_LEVEL,INFORMATIONAL_ONLY,False,,,,,,,,,,,,,,,
BENCH-0173,SRE.JO,2025-11-17 09:00,•   6.6% growth in funds from operations (‘FFO’) to €64.7m (30 September 2024: €60.7m) with FFO per share of 4.30c (2024:,•   6.0% decrease in profit before tax to €57.5m (30 September 2024: €61.2m) primarily due to a net foreign exchange loss of,€14.2m on sterling cash reserves held in anticipation of UK investments made in the period,"[""6.0%"", ""\u20ac57.5m"", ""30"", ""2024"", ""\u20ac61.2m""]",profit before tax,profit_before_tax,unspecified,unspecified,unspecified,unspecified,unspecified,unspecified,unspecified,CHANGE_STATEMENT,CHANGE_RATE_TO_LEVEL,INFORMATIONAL_ONLY,False,,,,,,,,,,,,,,,
BENCH-0174,SRE.JO,2025-11-17 09:00,•   6.6% growth in funds from operations (‘FFO’) to €64.7m (30 September 2024: €60.7m) with FFO per share of 4.30c (2024:,•   Basic earnings per share increased by 47.2% to 5.77c (30 September 2024: 3.92c) reflecting the strong 57% growth in profit,after tax and the higher shares in issue following the equity issuance in July 2024 while headline earnings and EPRA earnings,"[""47.2%"", ""5.77c"", ""30"", ""2024"", ""3.92c"", ""57%""]",basic earnings per share increased by,eps,unspecified,basic,unspecified,unspecified,unspecified,unspecified,unspecified,CHANGE_STATEMENT,CHANGE_RATE_TO_LEVEL,INFORMATIONAL_ONLY,False,,,,,,,,,,,,,,,
BENCH-0175,SRE.JO,2025-11-17 09:00,•   Basic earnings per share increased by 47.2% to 5.77c (30 September 2024: 3.92c) reflecting the strong 57% growth in profit,after tax and the higher shares in issue following the equity issuance in July 2024 while headline earnings and EPRA earnings,per share decreased by 28.8% to 2.84c** (30 September 2024: 3.99c) primarily due to foreign currency translation loss of,"[""2024""]",shares in issue,,unspecified,unspecified,unspecified,unspecified,unspecified,unspecified,unspecified,CONCEPT_MENTION_ONLY,UNKNOWN,INFORMATIONAL_ONLY,True,,,,,,,,,,,,,,,
BENCH-0176,SRE.JO,2025-11-17 09:00,Sustainable FFO growth supports 24th progressive dividend payout,•   Progressive H1 dividend of 3.18c per share (30 September 2024: 3.06c) amounting to a 4.0% increase in dividend per share,Valuations underpinned by income,"[""3.18c"", ""30"", ""2024"", ""3.06c"", ""4.0%""]",dividend per share,dividend_per_share,unspecified,unspecified,gross,unspecified,unspecified,unspecified,unspecified,CHANGE_STATEMENT,CHANGE_RATE_TO_LEVEL,INFORMATIONAL_ONLY,False,,,,,,,,,,,,,,,
BENCH-0177,SRE.JO,2025-11-17 09:00,reflecting the industrial focused acquisition activity (31 March 2025: 6.3% and 8.9%) respectively,"•   0.9% decrease in Adjusted NAV per share to 117.84c (31 March 2025: 118.89c), with valuation gains being offset by unrealised",foreign currency translation effects in the period on the Group’s UK assets being converted into the euro based reporting,"[""0.9%"", ""117.84c"", ""31"", ""2025"", ""118.89c""]",nav per share,,unspecified,unspecified,unspecified,unspecified,unspecified,unspecified,unspecified,CHANGE_STATEMENT,CHANGE_RATE_TO_LEVEL,INFORMATIONAL_ONLY,False,,,,,,,,,,,,,,,
BENCH-0178,SRE.JO,2025-11-17 09:00,"•   New 5 year €150.0m undrawn Revolving Credit Facility from a syndicate of three banks, ABN Amro, BNP Paribas and HSBC,","providing capacity for acquisitions and capex investment, as well as efficient cash management",•   Additional €105.0m capital raised from its €359.9m 1.75% bonds due in November 2028 to provide firepower for the Group’s,[],capex,,unspecified,unspecified,unspecified,unspecified,unspecified,unspecified,unspecified,CONCEPT_MENTION_ONLY,UNKNOWN,INFORMATIONAL_ONLY,True,,,,,,,,,,,,,,,
BENCH-0179,SRE.JO,2025-11-17 09:00,acquisition pipeline,"•   38.3% net LTV (31 March 2025: 31.4%) (higher as available cash was invested into property) and Net Debt to EBITDA of 6.7x,",within our 40.0% net LTV and 8x target caps respectively,"[""38.3%"", ""31"", ""2025"", ""31.4%"", ""6.7""]",net debt,,unspecified,unspecified,unspecified,unspecified,unspecified,unspecified,unspecified,DIRECT_VALUE_LABEL,DIRECT_LEVEL,REQUIRES_SOURCE_SECTION,True,,,,,,,,,,,,,,,
BENCH-0180,SRE.JO,2025-11-17 09:00,acquisition pipeline,"•   38.3% net LTV (31 March 2025: 31.4%) (higher as available cash was invested into property) and Net Debt to EBITDA of 6.7x,",within our 40.0% net LTV and 8x target caps respectively,"[""38.3%"", ""31"", ""2025"", ""31.4%"", ""6.7""]",ebitda,ebitda,group_consolidated,unspecified,unspecified,unspecified,unspecified,unspecified,unspecified,DIRECT_VALUE_LABEL,DIRECT_LEVEL,ELIGIBLE_WITH_QUALIFIER,False,,,,,,,,,,,,,,,
BENCH-0181,SRE.JO,2025-11-17 09:00,•   €389.0m cash position at 30 September 2025 (31 March 2025: €571.3m) as well as €150.0m undrawn RCF provides capacity,for acquisitions and capex investment as well as repayment of the €400.0m bond due in June 2026,•   Fitch reaffirmed its BBB investment grade rating with ‘Stable Outlook’ in October 2025,"[""\u20ac400.0m"", ""2026""]",capex,,unspecified,unspecified,unspecified,unspecified,unspecified,unspecified,unspecified,GUIDANCE_STATEMENT,DIRECT_LEVEL,INFORMATIONAL_ONLY,True,,,,,,,,,,,,,,,
BENCH-0182,SRE.JO,2025-11-17 09:00,"occupiers, which we have assembled. Our like-for-like rent roll growth was again above 5% and helped us drive a 6.6% growth in","FFO for the period, while our value add and tenant renewal capex programmes have now achieved average returns on investment",of 41% and 54% over the last three years respectively.,[],capex,,unspecified,unspecified,unspecified,unspecified,unspecified,unspecified,unspecified,CONCEPT_MENTION_ONLY,UNKNOWN,INFORMATIONAL_ONLY,True,,,,,,,,,,,,,,,
BENCH-0183,SRE.JO,2025-11-17 09:00,** Variance between basic and headline earnings per share is attributable to the gain on revaluation of investment properties (see,note 10 of the Group’s September 2025 interim results) being included in the calculation of basic earnings per share and excluded,from headline earnings per share.,"[""10"", ""2025""]",basic earnings per share,,unspecified,basic,unspecified,unspecified,unspecified,unspecified,unspecified,DIRECT_VALUE_LABEL,DIRECT_LEVEL,REQUIRES_PERIOD,True,,,,,,,,,,,,,,,
BENCH-0184,NY1.JO,2025-11-17 09:00,–    Net inflows of £4.3 billion (of which £1.9 billion related to Sanlam UK take-on in June).,–    Adjusted operating profit up 12% to £98.8 million.,–    Adjusted operating profit margin improved to 32.1%.,"[""12%"", ""\u00a398.8 million""]",adjusted operating profit,,unspecified,unspecified,unspecified,unspecified,unspecified,unspecified,unspecified,DIRECT_VALUE_LABEL,DIRECT_LEVEL,REQUIRES_SCOPE,True,,,,,,,,,,,,,,,
BENCH-0185,NY1.JO,2025-11-17 09:00,–    Adjusted operating profit up 12% to £98.8 million.,–    Adjusted operating profit margin improved to 32.1%.,–    Adjusted earnings per share up 15% to 8.4p.,"[""32.1%""]",adjusted operating profit margin improved to,,unspecified,unspecified,unspecified,unspecified,unspecified,unspecified,unspecified,CHANGE_STATEMENT,CHANGE_RATE_ONLY,INFORMATIONAL_ONLY,True,,,,,,,,,,,,,,,
BENCH-0186,NY1.JO,2025-11-17 09:00,–    Adjusted earnings per share up 15% to 8.4p.,–    Dividend per share up 11% to 6.0p.,–    Competitive long-term investment performance.,"[""11%"", ""6.0""]",dividend per share,dividend_per_share,unspecified,unspecified,gross,unspecified,unspecified,unspecified,unspecified,DIRECT_VALUE_LABEL,DIRECT_LEVEL,ELIGIBLE_WITH_QUALIFIER,False,,,,,,,,,,,,,,,
BENCH-0187,NY1.JO,2025-11-17 09:00,30 September 2025                30 September 2024                    %,Profit before tax (£’m)                                   102.2                               93.3           10,Adjusted operating profit (£’m)                             98.8                              88.6           12,"[""102.2"", ""93.3"", ""10""]",profit before tax,profit_before_tax,unspecified,unspecified,unspecified,unspecified,unspecified,unspecified,unspecified,DIRECT_VALUE_LABEL,DIRECT_LEVEL,ELIGIBLE,False,,,,,,,,,,,,,,,
BENCH-0188,NY1.JO,2025-11-17 09:00,Profit before tax (£’m)                                   102.2                               93.3           10,Adjusted operating profit (£’m)                             98.8                              88.6           12,Adjusted operating profit margin                         32.1%                               30.5%,"[""98.8"", ""88.6"", ""12""]",adjusted operating profit,,unspecified,unspecified,unspecified,unspecified,unspecified,unspecified,unspecified,DIRECT_VALUE_LABEL,DIRECT_LEVEL,REQUIRES_SCOPE,True,,,,,,,,,,,,,,,
BENCH-0189,NY1.JO,2025-11-17 09:00,Adjusted operating profit (£’m)                             98.8                              88.6           12,Adjusted operating profit margin                         32.1%                               30.5%,Basic earnings per share (p)                                 8.9                               7.8           14,"[""32.1%"", ""30.5%""]",adjusted operating profit,,unspecified,unspecified,unspecified,unspecified,unspecified,unspecified,unspecified,CHANGE_STATEMENT,CHANGE_RATE_ONLY,INFORMATIONAL_ONLY,True,,,,,,,,,,,,,,,
BENCH-0190,NY1.JO,2025-11-17 09:00,Adjusted operating profit (£’m)                             98.8                              88.6           12,Adjusted operating profit margin                         32.1%                               30.5%,Basic earnings per share (p)                                 8.9                               7.8           14,"[""32.1%"", ""30.5%""]",operating profit margin,operating_margin,unspecified,unspecified,unspecified,unspecified,unspecified,unspecified,unspecified,DIRECT_VALUE_LABEL,DIRECT_LEVEL,REQUIRES_BASIS,True,,,,,,,,,,,,,,,
BENCH-0191,NY1.JO,2025-11-17 09:00,Adjusted operating profit margin                         32.1%                               30.5%,Basic earnings per share (p)                                 8.9                               7.8           14,Headline earnings per share (p)                              8.9                               7.8           14,"[""8.9"", ""7.8"", ""14""]",basic earnings per share,,unspecified,basic,unspecified,unspecified,unspecified,unspecified,unspecified,DIRECT_VALUE_LABEL,DIRECT_LEVEL,REQUIRES_PERIOD,True,,,,,,,,,,,,,,,
BENCH-0192,NY1.JO,2025-11-17 09:00,Adjusted earnings per share (p)                              8.4                               7.3           15,Interim dividend per share (p)                               6.0                               5.4           11,"Hendrik du Toit, Founder and Chief Executive Officer, commented:","[""6.0"", ""5.4"", ""11""]",interim dividend per share,interim_dividend_per_share,unspecified,unspecified,gross,unspecified,unspecified,unspecified,unspecified,DIRECT_VALUE_LABEL,DIRECT_LEVEL,ELIGIBLE_WITH_QUALIFIER,False,,,,,,,,,,,,,,,
BENCH-0193,BTI.JO,2025-11-17 09:00,"Following the purchase and cancellation of these shares, the Company will have","2,182,847,115 ordinary shares in issue (excluding treasury shares) which carry voting rights","and will hold 132,998,061 ordinary shares in treasury. This information may be used by","[""2,182,847,115""]",ordinary shares in issue,issued_shares_current,unspecified,unspecified,unspecified,unspecified,unspecified,unspecified,unspecified,DIRECT_VALUE_LABEL,DIRECT_LEVEL,ELIGIBLE,False,,,,,,,,,,,,,,,
BENCH-0194,BTI.JO,2025-11-17 09:00,"Following the purchase and cancellation of these shares, the Company will have","2,182,847,115 ordinary shares in issue (excluding treasury shares) which carry voting rights","and will hold 132,998,061 ordinary shares in treasury. This information may be used by","[""2,182,847,115""]",treasury shares,treasury_shares,unspecified,unspecified,unspecified,unspecified,unspecified,unspecified,unspecified,DIRECT_VALUE_LABEL,DIRECT_LEVEL,ELIGIBLE,False,,,,,,,,,,,,,,,
BENCH-0195,MSP.JO,2025-11-17 08:30,No Shares were repurchased during a closed period.,"Following the General Repurchase: MAS holds 37,749,201 Shares as treasury shares, representing 5.40% of the Company’s Shares in","issue as at the date of this announcement. Of these, 16,586,906 are held by a subsidiary of the Company. The extent of the general authority","[""37,749,201"", ""5.40%""]",treasury shares,treasury_shares,unspecified,unspecified,unspecified,unspecified,unspecified,unspecified,unspecified,DIRECT_VALUE_LABEL,DIRECT_LEVEL,ELIGIBLE,False,,,,,,,,,,,,,,,
BENCH-0196,MSP.JO,2025-11-17 08:30,"issue as at the date of this announcement. Of these, 16,586,906 are held by a subsidiary of the Company. The extent of the general authority","outstanding is 48,793,586 Shares, representing 6.97% of the total Shares in issue as at the date of the AGM.",3.   Source of funds,"[""48,793,586"", ""6.97%""]",shares in issue,,unspecified,unspecified,unspecified,unspecified,unspecified,unspecified,unspecified,DIRECT_VALUE_LABEL,DIRECT_LEVEL,REQUIRES_PERIOD,True,,,,,,,,,,,,,,,
BENCH-0197,MSP.JO,2025-11-17 08:30,"following the date of the General Authority, under which the General Repurchase was executed:","• the total assets of the Company and the Group will be in excess of the total liabilities of the Company and the Group. For this purpose, the",assets and liabilities were recognised and measured in accordance with the accounting policies used in the latest audited annual Group,[],total assets,,unspecified,unspecified,unspecified,unspecified,unspecified,unspecified,unspecified,CONCEPT_MENTION_ONLY,UNKNOWN,INFORMATIONAL_ONLY,True,,,,,,,,,,,,,,,
BENCH-0198,MSP.JO,2025-11-17 08:30,"following the date of the General Authority, under which the General Repurchase was executed:","• the total assets of the Company and the Group will be in excess of the total liabilities of the Company and the Group. For this purpose, the",assets and liabilities were recognised and measured in accordance with the accounting policies used in the latest audited annual Group,[],total liabilities,,unspecified,unspecified,unspecified,unspecified,unspecified,unspecified,unspecified,CONCEPT_MENTION_ONLY,UNKNOWN,INFORMATIONAL_ONLY,True,,,,,,,,,,,,,,,
BENCH-0199,MSP.JO,2025-11-17 08:30,"following the date of the General Authority, under which the General Repurchase was executed:","• the share capital, reserves and working capital of the Company and the Group will be adequate for ordinary business purposes; and",• the Company and the Group have passed the solvency and liquidity test and since the test was performed there have been no material,[],working capital,,unspecified,unspecified,unspecified,unspecified,unspecified,unspecified,unspecified,CONCEPT_MENTION_ONLY,UNKNOWN,INFORMATIONAL_ONLY,True,,,,,,,,,,,,,,,
BENCH-0200,THA.JO,2025-11-17 15:00,dealing and associated costs) of GBP2 579 653.77.,"Following the purchases during this period, the Company has 302 596 743 Ordinary Shares in issue,",of which 8 571 346 Ordinary Shares are held in treasury.,"[""302 596 743""]",ordinary shares in issue,issued_shares_current,unspecified,unspecified,unspecified,unspecified,unspecified,unspecified,unspecified,DIRECT_VALUE_LABEL,DIRECT_LEVEL,ELIGIBLE,False,,,,,,,,,,,,,,,
BENCH-0201,SRE.JO,2025-11-17 16:00,estate.com/investors/dividends/.,"4. Property Income Distribution (‘PID’), non-PID and taxation",Shareholders are advised that the cash dividend declared will be paid as 53% PID and 47% non-PID.,"[""4.""]",taxation,,unspecified,unspecified,unspecified,unspecified,unspecified,unspecified,unspecified,CONCEPT_MENTION_ONLY,UNKNOWN,INFORMATIONAL_ONLY,True,,,,,,,,,,,,,,,
BENCH-0202,SRE.JO,2025-11-17 16:00,eligible SA Shareholders have claimed back 5% from His Majesty’s Revenue & Customs under the,double taxation agreement between the UK and South Africa in respect of the UK withholding tax.,"***     SA dividends tax applies at the rate of 20% for SA Shareholders if an exemption does not exist, but",[],taxation,,unspecified,unspecified,unspecified,unspecified,unspecified,unspecified,unspecified,CONCEPT_MENTION_ONLY,UNKNOWN,INFORMATIONAL_ONLY,True,,,,,,,,,,,,,,,
BENCH-0203,WHL.JO,2025-11-17 17:05,"*  The total issued share capital of the Company as at the record date of 7 November 2025 was 982,598,237","ordinary shares, including 84,261,465 Treasury Shares.","** Having engaged extensively with the Company’s major shareholders prior to the AGM, the Board is","[""84,261,465""]",treasury shares,treasury_shares,unspecified,unspecified,unspecified,unspecified,unspecified,unspecified,unspecified,DIRECT_VALUE_LABEL,DIRECT_LEVEL,ELIGIBLE,False,,,,,,,,,,,,,,,
BENCH-0204,BTI.JO,2025-11-18 09:00,"Following the purchase and cancellation of these shares, the Company will have","2,182,709,115 ordinary shares in issue (excluding treasury shares) which carry voting rights","and will hold 132,998,061 ordinary shares in treasury. This information may be used by","[""2,182,709,115""]",treasury shares,treasury_shares,unspecified,unspecified,unspecified,unspecified,unspecified,unspecified,unspecified,DIRECT_VALUE_LABEL,DIRECT_LEVEL,ELIGIBLE,False,,,,,,,,,,,,,,,
BENCH-0205,SRE.JO,2025-11-18 09:00,"Shareholders should instead refer to the table below, which replaces that reflected in the Announcement.","4. Property Income Distribution (‘PID’), non-PID and taxation",Shareholders are advised that the cash dividend declared will be paid as 53% PID and 47% non-PID.,"[""4.""]",taxation,,unspecified,unspecified,unspecified,unspecified,unspecified,unspecified,unspecified,CONCEPT_MENTION_ONLY,UNKNOWN,INFORMATIONAL_ONLY,True,,,,,,,,,,,,,,,
BENCH-0206,RNI.JO,2025-11-18 08:00,–  The net asset value at 30 September 2025 reflects a decrease of EUR 257 million or 3.7 per cent from EUR 6 915 million at 31 March 2025,"–  Net asset value per share at 30 September 2025: EUR 36.62 (31 March 2025: EUR 38.04, 30 September 2024: EUR 36.25)","–  Commitments totalling EUR 298 million in respect of new and existing investments were made during the period, with a total of EUR 7 million funded","[""30"", ""2025"", ""EUR 36.62"", ""31"", ""2025"", ""EUR 38.04"", ""30"", ""2024"", ""EUR 36.25""]",net asset value per share,nav_per_share,unspecified,unspecified,unspecified,unspecified,unspecified,unspecified,unspecified,DIRECT_VALUE_LABEL,DIRECT_LEVEL,ELIGIBLE,False,,,,,,,,,,,,,,,
BENCH-0207,CML.JO,2025-11-18 07:30,1.   SALIENT FEATURES,"Revenue increased by 10% to R4,291 million from R3,913 million in the prior",corresponding period.,"[""10%"", ""R4,291 million"", ""R3,913 million""]",revenue increased by,accounting_revenue,unspecified,unspecified,unspecified,unspecified,unspecified,unspecified,unspecified,CHANGE_STATEMENT,FROM_TO_LEVEL,INFORMATIONAL_ONLY,False,,,,,,,,,,,,,,,
BENCH-0208,CML.JO,2025-11-18 07:30,foreign exchange movements on investment securities held for seeding products. Fund,management earnings per share decreased by 26% to 454.0 cents per share from 617.1,cents per share in the prior corresponding period. Headline earnings per share and,"[""26%"", ""454.0 cents"", ""617.1""]",earnings per share decreased by,eps,unspecified,basic,unspecified,unspecified,unspecified,unspecified,unspecified,CHANGE_STATEMENT,FROM_TO_LEVEL,INFORMATIONAL_ONLY,False,,,,,,,,,,,,,,,
BENCH-0209,CML.JO,2025-11-18 07:30,cents per share in the prior corresponding period. Headline earnings per share and,"earnings per share decreased by 25% to 474.3 cents per share, from 630.5 cents per",share in the prior corresponding period. This is due to the once off impact of the successful,"[""25%"", ""474.3 cents"", ""630.5 cents""]",earnings per share decreased by,eps,unspecified,basic,unspecified,unspecified,unspecified,unspecified,unspecified,CHANGE_STATEMENT,FROM_TO_LEVEL,INFORMATIONAL_ONLY,False,,,,,,,,,,,,,,,
BENCH-0210,TKG.JO,2025-11-18 07:15,Group highlights,"– Group revenue up 3.4% to R22 104 million, driven by robust mobile data",revenue growth (+10.3%) and fibre-related data revenue (+12.3%).,"[""3.4%"", ""R22 104 million""]",group revenue,accounting_revenue,group_consolidated,unspecified,unspecified,unspecified,unspecified,unspecified,unspecified,DIRECT_VALUE_LABEL,DIRECT_LEVEL,ELIGIBLE_WITH_QUALIFIER,False,,,,,,,,,,,,,,,
BENCH-0211,TKG.JO,2025-11-18 07:15,revenue growth (+10.3%) and fibre-related data revenue (+12.3%).,– Group data revenue up 7.9% contributing 59.1% to total revenue.,"– Group EBITDA(1,2) up 7.4%(3) to R6 023 million, due to revenue growth","[""7.9%"", ""59.1%""]",total revenue,accounting_revenue,group_consolidated,unspecified,unspecified,unspecified,unspecified,unspecified,unspecified,CHANGE_STATEMENT,CHANGE_RATE_ONLY,INFORMATIONAL_ONLY,True,,,,,,,,,,,,,,,
BENCH-0212,TKG.JO,2025-11-18 07:15,– Group data revenue up 7.9% contributing 59.1% to total revenue.,"– Group EBITDA(1,2) up 7.4%(3) to R6 023 million, due to revenue growth","and ongoing cost optimisation initiatives, resulting in the EBITDA margin(1)","[""1,2"", ""7.4%"", ""3"", ""R6 023 million""]",group ebitda,ebitda,group_consolidated,unspecified,unspecified,unspecified,unspecified,unspecified,unspecified,CHANGE_STATEMENT,CHANGE_RATE_TO_LEVEL,INFORMATIONAL_ONLY,False,,,,,,,,,,,,,,,
BENCH-0213,TKG.JO,2025-11-18 07:15,"– Group EBITDA(1,2) up 7.4%(3) to R6 023 million, due to revenue growth","and ongoing cost optimisation initiatives, resulting in the EBITDA margin(1)",expanding to 27.2%.,"[""1""]",ebitda,ebitda,group_consolidated,unspecified,unspecified,unspecified,unspecified,unspecified,unspecified,DIRECT_VALUE_LABEL,DIRECT_LEVEL,ELIGIBLE_WITH_QUALIFIER,False,,,,,,,,,,,,,,,
BENCH-0214,TKG.JO,2025-11-18 07:15,expanding to 27.2%.,"– Net debt to EBITDA(1,2,4) stable at 0.7x indicating a robust financial position",and allowing for investment in future growth opportunities.,"[""1,2"", ""4"", ""0.7""]",net debt,,unspecified,unspecified,unspecified,unspecified,unspecified,unspecified,unspecified,DIRECT_VALUE_LABEL,DIRECT_LEVEL,REQUIRES_SOURCE_SECTION,True,,,,,,,,,,,,,,,
BENCH-0215,TKG.JO,2025-11-18 07:15,expanding to 27.2%.,"– Net debt to EBITDA(1,2,4) stable at 0.7x indicating a robust financial position",and allowing for investment in future growth opportunities.,"[""1,2"", ""4"", ""0.7""]",ebitda,ebitda,group_consolidated,unspecified,unspecified,unspecified,unspecified,unspecified,unspecified,DIRECT_VALUE_LABEL,DIRECT_LEVEL,ELIGIBLE_WITH_QUALIFIER,False,,,,,,,,,,,,,,,
BENCH-0216,TKG.JO,2025-11-18 07:15,and allowing for investment in future growth opportunities.,"– Free cash flow stable at R724 million, reflecting disciplined and sustainable",cash generation.,"[""R724 million""]",free cash flow,,unspecified,unspecified,unspecified,unspecified,unspecified,unspecified,unspecified,DIRECT_VALUE_LABEL,DIRECT_LEVEL,REQUIRES_SCOPE,True,,,,,,,,,,,,,,,
BENCH-0217,TKG.JO,2025-11-18 07:15,cash generation.,– Headline earnings per share (HEPS)(1) up 16.4%(3) to 305.6 cents underscoring,the benefits of focused execution and improved profitability.,"[""1"", ""16.4%"", ""3"", ""305.6 cents""]",heps,,unspecified,unspecified,unspecified,unspecified,unspecified,unspecified,unspecified,DIRECT_VALUE_LABEL,DIRECT_LEVEL,REQUIRES_SCOPE,True,,,,,,,,,,,,,,,
BENCH-0218,TKG.JO,2025-11-18 07:15,the benefits of focused execution and improved profitability.,– Basic earnings per share (BEPS) up 12.7%(3) to 325.7 cents.,Summary financial results,"[""12.7%"", ""3"", ""325.7 cents""]",basic earnings per share,,unspecified,basic,unspecified,unspecified,unspecified,unspecified,unspecified,DIRECT_VALUE_LABEL,DIRECT_LEVEL,REQUIRES_PERIOD,True,,,,,,,,,,,,,,,
BENCH-0219,TKG.JO,2025-11-18 07:15,"EBITDA(1,2,4)                   6 023       4 828      +24.8          5 606          +7.4",Profit for the period           1 604         853      +88.0          1 421         +12.9,Dividend (cps)                      –           –          –              –             –,"[""1 604"", ""853"", ""+88.0"", ""1 421"", ""+12.9""]",profit for the period,profit_for_period,group_consolidated,unspecified,unspecified,unspecified,unspecified,unspecified,total_group,DIRECT_VALUE_LABEL,DIRECT_LEVEL,ELIGIBLE_WITH_QUALIFIER,False,,,,,,,,,,,,,,,
BENCH-0220,TKG.JO,2025-11-18 07:15,Rm                                     H1 FY2026     H1 FY2025     % change     H1 FY2025      % change,Basic earnings per share (cents)           325.7         217.6        +49.7         333.3          (2.3),Continuing                                 325.7         173.2        +88.0         288.9         +12.7,"[""325.7"", ""217.6"", ""+49.7"", ""333.3"", ""2.3""]",basic earnings per share,,unspecified,basic,unspecified,unspecified,unspecified,unspecified,unspecified,DIRECT_VALUE_LABEL,DIRECT_LEVEL,REQUIRES_PERIOD,True,,,,,,,,,,,,,,,
BENCH-0221,TKG.JO,2025-11-18 07:15,Discontinued(5)                                –          44.6       (100.0)         44.6        (100.0),"1 Earnings before interest, tax, depreciation and amortisation.",2 This is a non-IFRS financial measure.,"[""1""]",depreciation and amortisation,depreciation_and_amortisation,unspecified,unspecified,unspecified,unspecified,unspecified,unspecified,unspecified,DIRECT_VALUE_LABEL,DIRECT_LEVEL,ELIGIBLE,False,,,,,,,,,,,,,,,
BENCH-0222,TKG.JO,2025-11-18 07:15,4 EBITDA is annualised to ensure comparability between EBITDA and the cumulative,balance of net debt when determining the net debt to EBITDA ratio.,5 Swiftnet continued to meet the IFRS 5 requirements and was classified as,[],net debt,,unspecified,unspecified,unspecified,unspecified,unspecified,unspecified,unspecified,CONCEPT_MENTION_ONLY,UNKNOWN,INFORMATIONAL_ONLY,True,,,,,,,,,,,,,,,
BENCH-0223,TKG.JO,2025-11-18 07:15,4 EBITDA is annualised to ensure comparability between EBITDA and the cumulative,balance of net debt when determining the net debt to EBITDA ratio.,5 Swiftnet continued to meet the IFRS 5 requirements and was classified as,[],net debt,,unspecified,unspecified,unspecified,unspecified,unspecified,unspecified,unspecified,CONCEPT_MENTION_ONLY,UNKNOWN,INFORMATIONAL_ONLY,True,,,,,,,,,,,,,,,
BENCH-0224,TKG.JO,2025-11-18 07:15,Telkom Consumer,– Mobile service revenue grew by 7.9%,– 26.7% increase in mobile data subscriber base to 18.5 million,"[""7.9%""]",revenue grew by,accounting_revenue,unspecified,unspecified,unspecified,unspecified,unspecified,unspecified,unspecified,CHANGE_STATEMENT,CHANGE_RATE_ONLY,INFORMATIONAL_ONLY,True,,,,,,,,,,,,,,,
BENCH-0225,TKG.JO,2025-11-18 07:15,Openserve,– Overall revenue grew by 2.7%,– Fibre-related data revenue grew by 10.1%,"[""2.7%""]",revenue grew by,accounting_revenue,unspecified,unspecified,unspecified,unspecified,unspecified,unspecified,unspecified,CHANGE_STATEMENT,CHANGE_RATE_ONLY,INFORMATIONAL_ONLY,True,,,,,,,,,,,,,,,
BENCH-0226,TKG.JO,2025-11-18 07:15,– Overall revenue grew by 2.7%,– Fibre-related data revenue grew by 10.1%,– Market leading fibre to the home connectivity rate of 52.0%,"[""10.1%""]",revenue grew by,accounting_revenue,unspecified,unspecified,unspecified,unspecified,unspecified,unspecified,unspecified,CHANGE_STATEMENT,CHANGE_RATE_ONLY,INFORMATIONAL_ONLY,True,,,,,,,,,,,,,,,
BENCH-0227,TKG.JO,2025-11-18 07:15,BCX,– Fibre-related data revenue increased by 13.8%,– Cloud services revenue growth of 10.4%,"[""13.8%""]",revenue increased by,accounting_revenue,unspecified,unspecified,unspecified,unspecified,unspecified,unspecified,unspecified,CHANGE_STATEMENT,CHANGE_RATE_ONLY,INFORMATIONAL_ONLY,True,,,,,,,,,,,,,,,
BENCH-0228,TKG.JO,2025-11-18 07:15,– Cloud services revenue growth of 10.4%,– EBITDA margin improved to 9.9%,Outlook,"[""9.9%""]",ebitda margin improved to,ebitda,unspecified,unspecified,unspecified,unspecified,unspecified,unspecified,unspecified,GUIDANCE_STATEMENT,DIRECT_LEVEL,INFORMATIONAL_ONLY,True,,,,,,,,,,,,,,,
BENCH-0229,TKG.JO,2025-11-18 07:15,financial information in terms of the JSE Listings Requirements. The Group presents various,"non-IFRS financial measures in the results announcement, including (i) net debt and",(ii) free cash flow (FCF) for both the current and prior period. In addition to these non-IFRS,[],net debt,,unspecified,unspecified,unspecified,unspecified,unspecified,unspecified,unspecified,CONCEPT_MENTION_ONLY,UNKNOWN,INFORMATIONAL_ONLY,True,,,,,,,,,,,,,,,
BENCH-0230,SRE.JO,2025-11-17 10:00,,"?   56.8% increase in profit after tax to ?87.0m (30 September 2024: ?55.5m) due to strong operational performance, valuation",gain and release of deferred tax liabilities in the German portfolio as the German government enacted an annual 1% reduction,"[""56.8%"", ""87.0m"", ""30"", ""2024"", ""55.5m""]",profit after tax,,unspecified,unspecified,unspecified,unspecified,unspecified,unspecified,unspecified,CHANGE_STATEMENT,CHANGE_RATE_TO_LEVEL,INFORMATIONAL_ONLY,False,,,,,,,,,,,,,,,
BENCH-0231,SRE.JO,2025-11-17 10:00,acquisitions in future periods,?   6.0% decrease in profit before tax to ?57.5m (30 September 2024: ?61.2m) primarily due to a net foreign exchange loss of,?14.2m on sterling cash reserves held in anticipation of UK investments made in the period,"[""6.0%"", ""57.5m"", ""30"", ""2024"", ""61.2m""]",profit before tax,profit_before_tax,unspecified,unspecified,unspecified,unspecified,unspecified,unspecified,unspecified,CHANGE_STATEMENT,CHANGE_RATE_TO_LEVEL,INFORMATIONAL_ONLY,False,,,,,,,,,,,,,,,
BENCH-0232,SRE.JO,2025-11-17 10:00,?14.2m on sterling cash reserves held in anticipation of UK investments made in the period,?   Basic earnings per share increased by 47.2% to 5.77c (30 September 2024: 3.92c) reflecting the strong 57% growth in profit,after tax and the higher shares in issue following the equity issuance in July 2024 while headline earnings and EPRA earnings,"[""47.2%"", ""5.77c"", ""30"", ""2024"", ""3.92c"", ""57%""]",basic earnings per share increased by,eps,unspecified,basic,unspecified,unspecified,unspecified,unspecified,unspecified,CHANGE_STATEMENT,CHANGE_RATE_TO_LEVEL,INFORMATIONAL_ONLY,False,,,,,,,,,,,,,,,
BENCH-0233,SRE.JO,2025-11-17 10:00,?   Basic earnings per share increased by 47.2% to 5.77c (30 September 2024: 3.92c) reflecting the strong 57% growth in profit,after tax and the higher shares in issue following the equity issuance in July 2024 while headline earnings and EPRA earnings,per share decreased by 28.8% to 2.84c** (30 September 2024: 3.99c) primarily due to foreign currency translation loss of,"[""2024""]",shares in issue,,unspecified,unspecified,unspecified,unspecified,unspecified,unspecified,unspecified,CONCEPT_MENTION_ONLY,UNKNOWN,INFORMATIONAL_ONLY,True,,,,,,,,,,,,,,,
BENCH-0234,SRE.JO,2025-11-17 10:00,,?   Progressive H1 dividend of 3.18c per share (30 September 2024: 3.06c) amounting to a 4.0% increase in dividend per share,,"[""3.18c"", ""30"", ""2024"", ""3.06c"", ""4.0%""]",dividend per share,dividend_per_share,unspecified,unspecified,gross,unspecified,unspecified,unspecified,unspecified,CHANGE_STATEMENT,CHANGE_RATE_TO_LEVEL,INFORMATIONAL_ONLY,False,,,,,,,,,,,,,,,
BENCH-0235,NRP.JO,2025-11-19 09:00,for 9M 2024).,"Tenant turnover increased by 3.5% LFL for the period, while footfall was slightly lower (-0.6%). Average spend per",visitor rose 9% overall – supported by the higher basket size in the two large properties acquired in Poland last year,"[""3.5%"", ""-0.6%""]",turnover increased by,turnover,unspecified,unspecified,unspecified,unspecified,unspecified,unspecified,unspecified,CHANGE_STATEMENT,CHANGE_RATE_ONLY,INFORMATIONAL_ONLY,True,,,,,,,,,,,,,,,
BENCH-0236,NRP.JO,2025-11-19 09:00,Trading update,"LFL tenant sales increased by 3.5% year-on-year in 9M 2025 and footfall decreased by 0.6%. On a quarterly basis,","tenant sales rose 2.9% in Q3 year-on-year, while footfall was down 1.5% following a strong start to the year that","[""3.5%"", ""9M"", ""2025"", ""0.6%""]",sales increased by,,unspecified,unspecified,unspecified,unspecified,unspecified,unspecified,unspecified,CHANGE_STATEMENT,CHANGE_RATE_TO_LEVEL,INFORMATIONAL_ONLY,False,,,,,,,,,,,,,,,
BENCH-0237,NRP.JO,2025-11-19 09:00,"As of 30 September 2025, NEPI Rockcastle had a very strong liquidity profile, with EUR421 million in cash and","EUR690 million in undrawn committed credit facilities. The Group’s gearing ratio (interest bearing debt less cash,","divided by investment property plus cost incurred for photovoltaic plants) was 31.4%, comfortably below the 35%",[],interest bearing debt,interest_bearing_borrowings,unspecified,unspecified,unspecified,unspecified,unspecified,unspecified,unspecified,CONCEPT_MENTION_ONLY,UNKNOWN,INFORMATIONAL_ONLY,True,,,,,,,,,,,,,,,
BENCH-0238,NRP.JO,2025-11-19 09:00,"covenants, as follows:",– Unencumbered consolidated total assets/unsecured consolidated total debt: 270% actual compared to,minimum 150% requirement,"[""270%""]",total assets,,unspecified,unspecified,unspecified,unspecified,unspecified,unspecified,unspecified,CHANGE_STATEMENT,CHANGE_RATE_ONLY,INFORMATIONAL_ONLY,True,,,,,,,,,,,,,,,
BENCH-0239,NRP.JO,2025-11-19 09:00,OUTLOOK,The Board reaffirms its guidance updated in August 2025 that distributable earnings per share for the year will be,"2.5% to 3% higher than 2024 distributable earnings per share, with no change in the Company’s current 90%","[""2025""]",earnings per share for the year,eps,unspecified,basic,unspecified,unspecified,unspecified,unspecified,unspecified,CONCEPT_MENTION_ONLY,UNKNOWN,INFORMATIONAL_ONLY,True,,,,,,,,,,,,,,,
BENCH-0240,ANI.JO,2025-11-19 08:10,Distributable earnings                                         R18 964 807       R14 697 212         29.04%,Basic and diluted earnings per share (cents)                         26.14             22.04         18.60%,Headline earnings per share (cents)                                  26.15             22.04         18.65%,"[""26.14"", ""22.04"", ""18.60%""]",diluted earnings per share,,unspecified,diluted,unspecified,unspecified,unspecified,unspecified,unspecified,DIRECT_VALUE_LABEL,DIRECT_LEVEL,REQUIRES_PERIOD,True,,,,,,,,,,,,,,,
BENCH-0241,ANI.JO,2025-11-19 08:10,Headline earnings per share (cents)                                  26.15             22.04         18.65%,Dividend per share (cents) (Note 1)                                  22.30             20.50          8.78%,Net asset value per share                                            R4.65             R4.07         14.25%,"[""1"", ""22.30"", ""20.50"", ""8.78%""]",dividend per share,dividend_per_share,unspecified,unspecified,gross,unspecified,unspecified,unspecified,unspecified,DIRECT_VALUE_LABEL,DIRECT_LEVEL,ELIGIBLE_WITH_QUALIFIER,False,,,,,,,,,,,,,,,
BENCH-0242,ANI.JO,2025-11-19 08:10,Dividend per share (cents) (Note 1)                                  22.30             20.50          8.78%,Net asset value per share                                            R4.65             R4.07         14.25%,Notes:,"[""R4.65"", ""R4.07"", ""14.25%""]",net asset value per share,nav_per_share,unspecified,unspecified,unspecified,unspecified,unspecified,unspecified,unspecified,DIRECT_VALUE_LABEL,DIRECT_LEVEL,ELIGIBLE,False,,,,,,,,,,,,,,,
BENCH-0243,ANI.JO,2025-11-19 08:10,Notes:,1.   The dividend per share of 22.30 cents relates to the financial year ended February 2025 and which was,subsequently paid in June 2025.,"[""1."", ""22.30 cents"", ""2025""]",dividend per share,dividend_per_share,unspecified,unspecified,gross,unspecified,unspecified,unspecified,unspecified,DIRECT_VALUE_LABEL,DIRECT_LEVEL,ELIGIBLE_WITH_QUALIFIER,False,,,,,,,,,,,,,,,
BENCH-0244,ANI.JO,2025-11-19 08:09,Distributable earnings                                         R18 964 807       R14 697 212         29.04%,Basic and diluted earnings per share (cents)                         26.14             22.04         18.60%,Headline earnings per share (cents)                                  26.15             22.04         18.65%,"[""26.14"", ""22.04"", ""18.60%""]",diluted earnings per share,,unspecified,diluted,unspecified,unspecified,unspecified,unspecified,unspecified,DIRECT_VALUE_LABEL,DIRECT_LEVEL,REQUIRES_PERIOD,True,,,,,,,,,,,,,,,
BENCH-0245,ANI.JO,2025-11-19 08:09,Headline earnings per share (cents)                                  26.15             22.04         18.65%,Dividend per share (cents) (Note 1)                                  22.30             20.50          8.78%,Net asset value per share                                            R4.65             R4.07         14.25%,"[""1"", ""22.30"", ""20.50"", ""8.78%""]",dividend per share,dividend_per_share,unspecified,unspecified,gross,unspecified,unspecified,unspecified,unspecified,DIRECT_VALUE_LABEL,DIRECT_LEVEL,ELIGIBLE_WITH_QUALIFIER,False,,,,,,,,,,,,,,,
BENCH-0246,ANI.JO,2025-11-19 08:09,Dividend per share (cents) (Note 1)                                  22.30             20.50          8.78%,Net asset value per share                                            R4.65             R4.07         14.25%,Notes:,"[""R4.65"", ""R4.07"", ""14.25%""]",net asset value per share,nav_per_share,unspecified,unspecified,unspecified,unspecified,unspecified,unspecified,unspecified,DIRECT_VALUE_LABEL,DIRECT_LEVEL,ELIGIBLE,False,,,,,,,,,,,,,,,
BENCH-0247,ANI.JO,2025-11-19 08:09,Notes:,1.   The dividend per share of 22.30 cents relates to the financial year ended February 2025 and which was,subsequently paid in June 2025.,"[""1."", ""22.30 cents"", ""2025""]",dividend per share,dividend_per_share,unspecified,unspecified,gross,unspecified,unspecified,unspecified,unspecified,DIRECT_VALUE_LABEL,DIRECT_LEVEL,ELIGIBLE_WITH_QUALIFIER,False,,,,,,,,,,,,,,,
BENCH-0248,MTM.JO,2025-11-19 07:30,The positive earnings trajectory established during F2025 continued into the first quarter of F2026. The Group delivered a strong operational performance,"with normalised headline earnings (NHE) of R1 759 million, for the three months ended 30 September 2025. These results were underpinned by effective",strategic execution and continued focus on profitable growth across the Group’s business units. The Group’s earnings were further supported by positive,"[""R1 759 million"", ""30"", ""2025""]",headline earnings (nhe) of r1,headline_earnings,unspecified,unspecified,unspecified,unspecified,unspecified,unspecified,headline_attributable,DIRECT_VALUE_LABEL,DIRECT_LEVEL,REQUIRES_PERIOD,True,,,,,,,,,,,,,,,
BENCH-0249,SSU.JO,2025-11-19 07:15,– AHEPS steady at 24.9 cents,– Net debt at R481 million,Supplementary information,"[""R481 million""]",net debt,,unspecified,unspecified,unspecified,unspecified,unspecified,unspecified,unspecified,DIRECT_VALUE_LABEL,DIRECT_LEVEL,REQUIRES_SOURCE_SECTION,True,,,,,,,,,,,,,,,
BENCH-0250,SSU.JO,2025-11-19 07:15,Ebitdar (Rm)                                                       818            822           –,Attributable earnings for the period (Rm)                          329            332          (1),Adjusted headline earnings for the period (Rm)                     334            334           –,"[""329"", ""332"", ""1""]",attributable earnings for the period,attributable_earnings,unspecified,unspecified,unspecified,unspecified,unspecified,unspecified,parent_equity_holders,DIRECT_VALUE_LABEL,DIRECT_LEVEL,REQUIRES_PERIOD,True,,,,,,,,,,,,,,,
BENCH-0251,SSU.JO,2025-11-19 07:15,Attributable earnings for the period (Rm)                          329            332          (1),Adjusted headline earnings for the period (Rm)                     334            334           –,Basic earnings per share (cents)                                  24.5           24.7          (1),"[""334"", ""334""]",headline earnings for the period,headline_earnings,unspecified,unspecified,unspecified,unspecified,unspecified,unspecified,headline_attributable,DIRECT_VALUE_LABEL,DIRECT_LEVEL,ELIGIBLE_WITH_QUALIFIER,False,,,,,,,,,,,,,,,
BENCH-0252,SSU.JO,2025-11-19 07:15,Adjusted headline earnings for the period (Rm)                     334            334           –,Basic earnings per share (cents)                                  24.5           24.7          (1),Basic headline earnings per share (cents)                         24.8           24.3           2,"[""24.5"", ""24.7"", ""1""]",basic earnings per share,,unspecified,basic,unspecified,unspecified,unspecified,unspecified,unspecified,DIRECT_VALUE_LABEL,DIRECT_LEVEL,REQUIRES_PERIOD,True,,,,,,,,,,,,,,,
BENCH-0253,SSU.JO,2025-11-19 07:15,"successfully refinanced its debt package into two-year revolving credit facilities maturing on 30 September 2027, with an",option to extend for a further 12 months to 30 September 2028. Net interest-bearing debt increased to R481 million at,"30 September (2024: R995 million), up R215 million from the year-end balance of R266 million.","[""12"", ""30"", ""2028"", ""R481 million""]",interest-bearing debt,,unspecified,unspecified,unspecified,unspecified,unspecified,unspecified,unspecified,DIRECT_VALUE_LABEL,DIRECT_LEVEL,REQUIRES_SOURCE_SECTION,True,,,,,,,,,,,,,,,
BENCH-0254,LHC.JO,2025-11-19 07:05,The Group delivered good overall revenue growth between 5.5% and 6.5% driven by paid patient days (PPDs) increasing by c.1.1% (1),supported by a 5.1% tariff increase. The acute business revenue growth for the year was c. 5.0% with acute PPDs growing by c.0.9%. On a,"like-for-like basis, the acute revenue increased between 6.1% and 6.5%. Complementary services revenue growth was c. 24.7% benefitting","[""5.1%"", ""5.0%"", ""0.9%""]",revenue growth for the year,accounting_revenue,unspecified,unspecified,unspecified,unspecified,unspecified,unspecified,unspecified,CHANGE_STATEMENT,CHANGE_RATE_ONLY,INFORMATIONAL_ONLY,True,,,,,,,,,,,,,,,
BENCH-0255,LHC.JO,2025-11-19 07:05,"like-for-like basis, the acute revenue increased between 6.1% and 6.5%. Complementary services revenue growth was c. 24.7% benefitting","from acquisitions and PPDs grew by c.3.1%. Healthcare services businesses’ revenue declined by c. 7.5 %, impacted by the loss of two",government contracts during H2-FY2024.,"[""3.1%"", ""7.5""]",revenue declined by,accounting_revenue,unspecified,unspecified,unspecified,unspecified,unspecified,unspecified,unspecified,CHANGE_STATEMENT,CHANGE_RATE_TO_LEVEL,INFORMATIONAL_ONLY,False,,,,,,,,,,,,,,,
BENCH-0256,LHC.JO,2025-11-19 07:05,The weighted average occupancy for FY2025 was 69.7% vs FY2024 of 69.0%.,"Normalised EBITDA(2) increased between 4.5% and 5.0%. On a like-for-like basis, the normalised EBITDA increased between 6.6% and 7.1%.","The Group’s normalised EBITDA margin remained stable in H1-FY2025 and H2-FY2025, with the acute business delivering an improved","[""2"", ""4.5%"", ""5.0%"", ""6.6%"", ""7.1%""]",normalised ebitda,normalised_ebitda,unspecified,unspecified,unspecified,unspecified,unspecified,unspecified,unspecified,CHANGE_STATEMENT,CHANGE_RATE_TO_LEVEL,INFORMATIONAL_ONLY,False,,,,,,,,,,,,,,,
BENCH-0257,LHC.JO,2025-11-19 07:05,The weighted average occupancy for FY2025 was 69.7% vs FY2024 of 69.0%.,"Normalised EBITDA(2) increased between 4.5% and 5.0%. On a like-for-like basis, the normalised EBITDA increased between 6.6% and 7.1%.","The Group’s normalised EBITDA margin remained stable in H1-FY2025 and H2-FY2025, with the acute business delivering an improved","[""2"", ""4.5%"", ""5.0%"", ""6.6%"", ""7.1%""]",normalised ebitda,normalised_ebitda,unspecified,unspecified,unspecified,unspecified,unspecified,unspecified,unspecified,CHANGE_STATEMENT,CHANGE_RATE_TO_LEVEL,INFORMATIONAL_ONLY,False,,,,,,,,,,,,,,,
BENCH-0258,LHC.JO,2025-11-19 07:05,"Normalised EBITDA(2) increased between 4.5% and 5.0%. On a like-for-like basis, the normalised EBITDA increased between 6.6% and 7.1%.","The Group’s normalised EBITDA margin remained stable in H1-FY2025 and H2-FY2025, with the acute business delivering an improved","margin. The overall margin for the current year, compared to the prior year was dampened by:",[],normalised ebitda,normalised_ebitda,unspecified,unspecified,unspecified,unspecified,unspecified,unspecified,unspecified,CONCEPT_MENTION_ONLY,UNKNOWN,INFORMATIONAL_ONLY,True,,,,,,,,,,,,,,,
BENCH-0259,LHC.JO,2025-11-19 07:05,"considering the overall performance of the Group, if these specific facilities are excluded:","(2) Life Healthcare defines normalised EBITDA as operating profit before depreciation on property, plant and equipment, amortisation of intangible assets",and non-trading related costs and income.,"[""(2)""]",normalised ebitda,normalised_ebitda,unspecified,unspecified,unspecified,unspecified,unspecified,unspecified,unspecified,CONCEPT_MENTION_ONLY,UNKNOWN,INFORMATIONAL_ONLY,True,,,,,,,,,,,,,,,
BENCH-0260,LHC.JO,2025-11-19 07:05,"considering the overall performance of the Group, if these specific facilities are excluded:","(2) Life Healthcare defines normalised EBITDA as operating profit before depreciation on property, plant and equipment, amortisation of intangible assets",and non-trading related costs and income.,"[""(2)""]","operating profit before depreciation on property, plant and equipment, amortisation of intangible assets",operating_profit,unspecified,unspecified,unspecified,unspecified,unspecified,unspecified,unspecified,CONCEPT_MENTION_ONLY,UNKNOWN,INFORMATIONAL_ONLY,True,,,,,,,,,,,,,,,
BENCH-0261,LHC.JO,2025-11-19 07:05,NEPS                                          +97.5 to +102.0                              –      +97.5 to +102.0         91.1*      7% to 12%           7% to 12%         2,EPS                                          -104.2 to -108.8                          201.0       +92.2 to +96.8         92.2*         >-100%            0% to 5%         2,HEPS                                           -91.7 to -96.4                          201.0     +104.6 to +109.3         93.4*         >-100%          12% to 17%         2,"[""-104.2"", ""-108.8"", ""201.0"", ""+92.2"", ""+96.8"", ""92.2"", ""-100%"", ""0%"", ""5%"", ""2""]",eps,,unspecified,unspecified,unspecified,unspecified,unspecified,unspecified,unspecified,DIRECT_VALUE_LABEL,DIRECT_LEVEL,REQUIRES_SCOPE,True,,,,,,,,,,,,,,,
BENCH-0262,LHC.JO,2025-11-19 07:05,EPS                                          -104.2 to -108.8                          201.0       +92.2 to +96.8         92.2*         >-100%            0% to 5%         2,HEPS                                           -91.7 to -96.4                          201.0     +104.6 to +109.3         93.4*         >-100%          12% to 17%         2,From continuing and,"[""-91.7"", ""-96.4"", ""201.0"", ""+104.6"", ""+109.3"", ""93.4"", ""-100%"", ""12%"", ""17%"", ""2""]",heps,,unspecified,unspecified,unspecified,unspecified,unspecified,unspecified,unspecified,DIRECT_VALUE_LABEL,DIRECT_LEVEL,REQUIRES_SCOPE,True,,,,,,,,,,,,,,,
BENCH-0263,LHC.JO,2025-11-19 07:05,operations,"EPS                                          +253.2 to +269.6                               –    +253.2 to +269.6        328.8    -18% to -23%        -18% to -23%       1,2","HEPS                                         -109.2 to -116.9                           201.0      +84.1 to +91.8        152.9          >-100%        -40% to -45%       1,2","[""+253.2"", ""+269.6"", ""+253.2"", ""+269.6"", ""328.8"", ""-18%"", ""-23%"", ""-18%"", ""-23%"", ""1,2""]",eps,,unspecified,unspecified,unspecified,unspecified,unspecified,unspecified,unspecified,DIRECT_VALUE_LABEL,DIRECT_LEVEL,REQUIRES_SCOPE,True,,,,,,,,,,,,,,,
BENCH-0264,LHC.JO,2025-11-19 07:05,"EPS                                          +253.2 to +269.6                               –    +253.2 to +269.6        328.8    -18% to -23%        -18% to -23%       1,2","HEPS                                         -109.2 to -116.9                           201.0      +84.1 to +91.8        152.9          >-100%        -40% to -45%       1,2",*Restated in terms of IFRS 5 as LMI is disclosed as a discontinued operation,"[""-109.2"", ""-116.9"", ""201.0"", ""+84.1"", ""+91.8"", ""152.9"", ""-100%"", ""-40%"", ""-45%"", ""1,2""]",heps,,unspecified,unspecified,unspecified,unspecified,unspecified,unspecified,unspecified,DIRECT_VALUE_LABEL,DIRECT_LEVEL,REQUIRES_SCOPE,True,,,,,,,,,,,,,,,
BENCH-0265,LHC.JO,2025-11-19 07:05,"– This once-off gain, in isolation, equated to 191.1 cents per share in FY2024.",– This gain impacted earnings per share (EPS) from continuing and discontinued operations.,– R3.2 billion (included as part of the R2.8 billion profit on disposal) related to an exchange gain which was excluded from headline,[],eps,,unspecified,unspecified,unspecified,unspecified,unspecified,unspecified,unspecified,CONCEPT_MENTION_ONLY,UNKNOWN,INFORMATIONAL_ONLY,True,,,,,,,,,,,,,,,
BENCH-0266,LHC.JO,2025-11-19 07:05,– R3.2 billion (included as part of the R2.8 billion profit on disposal) related to an exchange gain which was excluded from headline,earnings per share (HEPS) from continuing and discontinued operations.,"– The above had no impact on EPS, HEPS or NEPS from continuing operations.",[],heps,,unspecified,unspecified,unspecified,unspecified,unspecified,unspecified,unspecified,CONCEPT_MENTION_ONLY,UNKNOWN,INFORMATIONAL_ONLY,True,,,,,,,,,,,,,,,
BENCH-0267,LHC.JO,2025-11-19 07:05,earnings per share (HEPS) from continuing and discontinued operations.,"– The above had no impact on EPS, HEPS or NEPS from continuing operations.",2. Disposal of LMI,[],eps,,unspecified,unspecified,unspecified,unspecified,unspecified,unspecified,unspecified,CONCEPT_MENTION_ONLY,UNKNOWN,INFORMATIONAL_ONLY,True,,,,,,,,,,,,,,,
BENCH-0268,LHC.JO,2025-11-19 07:05,earnings per share (HEPS) from continuing and discontinued operations.,"– The above had no impact on EPS, HEPS or NEPS from continuing operations.",2. Disposal of LMI,[],heps or neps from continuing operations,heps,continuing_operations,basic,unspecified,unspecified,unspecified,unspecified,unspecified,CONCEPT_MENTION_ONLY,UNKNOWN,INFORMATIONAL_ONLY,True,,,,,,,,,,,,,,,
BENCH-0269,LHC.JO,2025-11-19 07:05,– A c.R255 million loss (included as part of the R5.3 billion profit on disposal) related to an exchange loss which was excluded from,HEPS from continuing and discontinued operations.,"– The above had no impact on EPS, HEPS or NEPS from continuing operations.",[],heps,,unspecified,unspecified,unspecified,unspecified,unspecified,unspecified,unspecified,CONCEPT_MENTION_ONLY,UNKNOWN,INFORMATIONAL_ONLY,True,,,,,,,,,,,,,,,
BENCH-0270,LHC.JO,2025-11-19 07:05,HEPS from continuing and discontinued operations.,"– The above had no impact on EPS, HEPS or NEPS from continuing operations.",– There was however an adjustment of R2.9 billion to the Piramal liability (as described below) impacting profit from continuing,[],eps,,unspecified,unspecified,unspecified,unspecified,unspecified,unspecified,unspecified,CONCEPT_MENTION_ONLY,UNKNOWN,INFORMATIONAL_ONLY,True,,,,,,,,,,,,,,,
BENCH-0271,LHC.JO,2025-11-19 07:05,HEPS from continuing and discontinued operations.,"– The above had no impact on EPS, HEPS or NEPS from continuing operations.",– There was however an adjustment of R2.9 billion to the Piramal liability (as described below) impacting profit from continuing,[],heps or neps from continuing operations,heps,continuing_operations,basic,unspecified,unspecified,unspecified,unspecified,unspecified,CONCEPT_MENTION_ONLY,UNKNOWN,INFORMATIONAL_ONLY,True,,,,,,,,,,,,,,,
BENCH-0272,LHC.JO,2025-11-19 07:05,"– This fair value adjustment, in isolation, equates to a reduction of c. 201 cents per share.","– This fair value adjustment impacts EPS and HEPS from continuing and discontinued operations. Furthermore, due to the pre-","existing nature of the Piramal liability, which remains with the Group, the loss also impacts EPS and HEPS from continuing",[],eps,,unspecified,unspecified,unspecified,unspecified,unspecified,unspecified,unspecified,CONCEPT_MENTION_ONLY,UNKNOWN,INFORMATIONAL_ONLY,True,,,,,,,,,,,,,,,
BENCH-0273,LHC.JO,2025-11-19 07:05,"– This fair value adjustment, in isolation, equates to a reduction of c. 201 cents per share.","– This fair value adjustment impacts EPS and HEPS from continuing and discontinued operations. Furthermore, due to the pre-","existing nature of the Piramal liability, which remains with the Group, the loss also impacts EPS and HEPS from continuing",[],heps,,unspecified,unspecified,unspecified,unspecified,unspecified,unspecified,unspecified,CONCEPT_MENTION_ONLY,UNKNOWN,INFORMATIONAL_ONLY,True,,,,,,,,,,,,,,,
BENCH-0274,EPE.JO,2025-11-18 17:27,Residual Assets (Other unlisted portfolio assets)                     881               901,"Total assets                                                        2,371             2,428",Net (debt) / cash                                                   (177)             (149),"[""2,371"", ""2,428""]",total assets,,unspecified,unspecified,unspecified,unspecified,unspecified,unspecified,unspecified,CONCEPT_MENTION_ONLY,UNKNOWN,INFORMATIONAL_ONLY,True,,,,,,,,,,,,,,,
BENCH-0275,EPE.JO,2025-11-18 17:27,Residual Assets (Other unlisted portfolio assets)                  901                      901,"Total assets                                                     2,428                    2,218",Net (debt) / cash (1)                                            (149)                      190,"[""2,428"", ""2,218""]",total assets,,unspecified,unspecified,unspecified,unspecified,unspecified,unspecified,unspecified,CONCEPT_MENTION_ONLY,UNKNOWN,INFORMATIONAL_ONLY,True,,,,,,,,,,,,,,,
BENCH-0276,EPE.JO,2025-11-18 17:27,NAVPS – Rand                                                      8.90                     9.41,(1) Net debt decreased to net cash post IPO proceeds,The adjusted NAVPS of R9.41 represents a 9.8% increase over Ethos Capital’s 30 June 2025 NAVPS,"[""(1)""]",net debt,,unspecified,unspecified,unspecified,unspecified,unspecified,unspecified,unspecified,CONCEPT_MENTION_ONLY,UNKNOWN,INFORMATIONAL_ONLY,True,,,,,,,,,,,,,,,
BENCH-0277,EPE.JO,2025-11-18 17:27,NAVPS – Rand                                                      8.90                     9.41,(1) Net debt decreased to net cash post IPO proceeds,The adjusted NAVPS of R9.41 represents a 9.8% increase over Ethos Capital’s 30 June 2025 NAVPS,"[""(1)""]",net cash,,unspecified,unspecified,unspecified,unspecified,unspecified,unspecified,unspecified,CONCEPT_MENTION_ONLY,UNKNOWN,INFORMATIONAL_ONLY,True,,,,,,,,,,,,,,,
BENCH-0278,SBP.JO,2025-11-18 13:30,"unissued share capital, in accordance with section 35(5) of the Companies Act 71 of 2008.",The highest number of Sabvest Limited shares in issue since its original listing was 52 327 962. Over the,years this number has reduced through continued repurchases and cancellations at discounts to net asset,"[""52 327 962""]",shares in issue,,unspecified,unspecified,unspecified,unspecified,unspecified,unspecified,unspecified,DIRECT_VALUE_LABEL,DIRECT_LEVEL,REQUIRES_PERIOD,True,,,,,,,,,,,,,,,
BENCH-0279,SBP.JO,2025-11-18 13:30,"Highest repurchase price per share:                                 12 073,52",3. DETAILS OF SHARES IN ISSUE,Shares repurchased under 23 May 2024 general authority:             720 000,"[""3.""]",shares in issue,,unspecified,unspecified,unspecified,unspecified,unspecified,unspecified,unspecified,CONCEPT_MENTION_ONLY,UNKNOWN,INFORMATIONAL_ONLY,True,,,,,,,,,,,,,,,
BENCH-0280,BTN.JO,2025-11-19 11:47,Overall DIPS performance was partially offset by:,"–   The impact of funding capital expenditure, deployment into Australian investments, deferred consideration and transactional cash",flow timing,[],capital expenditure,,unspecified,unspecified,unspecified,unspecified,unspecified,unspecified,unspecified,CONCEPT_MENTION_ONLY,UNKNOWN,INFORMATIONAL_ONLY,True,,,,,,,,,,,,,,,
BENCH-0281,BTN.JO,2025-11-19 11:47,Australia:,"–   The Group’s pro-forma LTV at the reporting date was 39.0% (FY25: 36.3%) encompassing the effects of solar-related capital expenditure,","further deployment for offshore investments, offset by SA asset disposals.","[""39.0%"", ""36.3%""]",capital expenditure,,unspecified,unspecified,unspecified,unspecified,unspecified,unspecified,unspecified,CHANGE_STATEMENT,CHANGE_RATE_ONLY,INFORMATIONAL_ONLY,True,,,,,,,,,,,,,,,
BENCH-0282,BTN.JO,2025-11-19 11:47,"–   The Group will continue to target a leverage ratio of below 35% with a medium-term LTV outlook of between 34% and 36%, supported by continued","–   Net asset value (‘NAV’) has decreased by 2.1% to R11.53ps (FY25: R11.78ps) largely as a result of mark-to market, amortisation and foreign exchange.","Property-related valuations for the period have remained relatively flat, with nominal fair value gain recognised in respect of the various portfolios.","[""2.1%"", ""R11.53"", ""R11.78""]",amortisation,,unspecified,unspecified,unspecified,unspecified,unspecified,unspecified,unspecified,GUIDANCE_STATEMENT,RANGE,INFORMATIONAL_ONLY,True,,,,,,,,,,,,,,,
BENCH-0283,BTN.JO,2025-11-19 11:47,Distributable earnings per share (cents)                                                      51.07           49.53         3.0%,Net asset value per share (ZAR)                                                               11.53           13.95      (17.0%),Basic earnings/(loss) per share (cents)                                                       22.24        (101.71)       123.95,"[""11.53"", ""13.95"", ""17.0%""]",net asset value per share,nav_per_share,unspecified,unspecified,unspecified,unspecified,unspecified,unspecified,unspecified,DIRECT_VALUE_LABEL,DIRECT_LEVEL,ELIGIBLE,False,,,,,,,,,,,,,,,
BENCH-0284,BTN.JO,2025-11-19 11:47,Basic earnings/(loss) per share (cents)                                                       22.24        (101.71)       123.95,Diluted earnings per share (cents)                                                            22.27        (100.72)       122.99,Headline earnings per share (cents)                                                           17.84         (89.65)       107.49,"[""22.27"", ""100.72"", ""122.99""]",diluted earnings per share,,unspecified,diluted,unspecified,unspecified,unspecified,unspecified,unspecified,DIRECT_VALUE_LABEL,DIRECT_LEVEL,REQUIRES_PERIOD,True,,,,,,,,,,,,,,,
BENCH-0285,BTN.JO,2025-11-19 11:47,Headline earnings per share (cents)                                                           17.84         (89.65)       107.49,Headline earnings per diluted share (cents)                                                   17.86         (88.77)       106.63,PROSPECTS AND GUIDANCE,"[""17.86"", ""88.77"", ""106.63""]",headline earnings per diluted share,diluted_heps,unspecified,unspecified,unspecified,unspecified,unspecified,unspecified,unspecified,GUIDANCE_STATEMENT,DIRECT_LEVEL,INFORMATIONAL_ONLY,True,,,,,,,,,,,,,,,
BENCH-0286,BTN.JO,2025-11-19 11:47,Pro-forma LTV (gearing)*                                                                                 39.0%              36.3%,Total Group net debt (ZAR and Euro)                                                                     R6.8bn             R6.2bn,Debt maturity (years) (pre-refinancing)                                                                    2.6                3.0,"[""R6.8bn"", ""R6.2bn""]",net debt,,unspecified,unspecified,unspecified,unspecified,unspecified,unspecified,unspecified,DIRECT_VALUE_LABEL,DIRECT_LEVEL,REQUIRES_SOURCE_SECTION,True,,,,,,,,,,,,,,,
BENCH-0287,MRP.JO,2025-11-20 07:05,MR PRICE GROUP INTERIM RESULTS FOR THE 26 WEEKS ENDED 27 SEPTEMBER 2025,"For the 26 weeks ended 27 September 2025 (‘Period’), Mr Price Group increased total revenue by 5.4% to R18.6bn. The","group’s retail sales growth of 5.5%, was higher than the comparable market’s sales growth of 5.3% (RLC: April 2025 –","[""26"", ""27"", ""2025"", ""5.4%"", ""R18.6bn""]",total revenue,accounting_revenue,group_consolidated,unspecified,unspecified,unspecified,unspecified,unspecified,unspecified,CHANGE_STATEMENT,CHANGE_RATE_TO_LEVEL,INFORMATIONAL_ONLY,False,,,,,,,,,,,,,,,
BENCH-0288,MRP.JO,2025-11-20 07:05,"For the 26 weeks ended 27 September 2025 (‘Period’), Mr Price Group increased total revenue by 5.4% to R18.6bn. The","group’s retail sales growth of 5.5%, was higher than the comparable market’s sales growth of 5.3% (RLC: April 2025 –","September 2025). Despite a highly promotional retail sector for most of the period, the group expanded its gross profit (GP)","[""5.5%"", ""5.3%"", ""2025""]",retail sales,retail_sales,unspecified,unspecified,unspecified,unspecified,unspecified,unspecified,unspecified,CHANGE_STATEMENT,CHANGE_RATE_ONLY,INFORMATIONAL_ONLY,True,,,,,,,,,,,,,,,
BENCH-0289,MRP.JO,2025-11-20 07:05,"group’s retail sales growth of 5.5%, was higher than the comparable market’s sales growth of 5.3% (RLC: April 2025 –","September 2025). Despite a highly promotional retail sector for most of the period, the group expanded its gross profit (GP)","margin by 30bps to 40.0% and delivered positive operating leverage through strict cost control, expanding its operating","[""2025""]",gross profit,gross_profit,unspecified,unspecified,unspecified,unspecified,unspecified,unspecified,unspecified,CONCEPT_MENTION_ONLY,UNKNOWN,INFORMATIONAL_ONLY,True,,,,,,,,,,,,,,,
BENCH-0290,MRP.JO,2025-11-20 07:05,margin by 10bps to 11.5%.,Basic and headline earnings per share of 512.8 cents and 513.0 cents were up 6.5%. Diluted headline earnings per share,grew 6.4% to 497.9 cents.,"[""512.8 cents"", ""513.0 cents"", ""6.5%""]",diluted headline earnings per share,diluted_heps,unspecified,diluted,unspecified,unspecified,unspecified,unspecified,headline_attributable,DIRECT_VALUE_LABEL,DIRECT_LEVEL,ELIGIBLE_WITH_QUALIFIER,False,,,,,,,,,,,,,,,
BENCH-0291,MRP.JO,2025-11-20 07:05,"Group CEO Mark Blair said, ‘I am pleased that we have once again executed our strategic intent of maximising sales growth",at improved margins. Our gross margin increased despite a very challenging retail environment. Our value focused business,model enabled us to effectively manage overheads and ensure that we consistently deliver positive earnings growth and,[],gross margin,gross_margin,unspecified,unspecified,unspecified,unspecified,unspecified,accounting_revenue,unspecified,CONCEPT_MENTION_ONLY,UNKNOWN,INFORMATIONAL_ONLY,True,,,,,,,,,,,,,,,
BENCH-0292,MRP.JO,2025-11-20 07:05,Group results summary,Group retail sales of R17.8bn increased 5.5% and comparable store sales increased 2.1%. Other revenue of R625m,decreased 1.6%.,"[""R17.8bn"", ""5.5%"", ""2.1%"", ""R625m""]",retail sales of r17,retail_sales,unspecified,unspecified,unspecified,unspecified,unspecified,unspecified,unspecified,CHANGE_STATEMENT,CHANGE_RATE_TO_LEVEL,INFORMATIONAL_ONLY,False,,,,,,,,,,,,,,,
BENCH-0293,MRP.JO,2025-11-20 07:05,"The first quarter of H1 was characterised by shifting school holiday periods and base effects, particularly in the months of",April and June. The group’s Q1 retail sales growth of 6.3% resulted in market share gains but faced GP margin compression,of 20bps due to markdowns required in the month of June. The group along with the rest of the sector reported negative,"[""6.3%""]",retail sales,retail_sales,unspecified,unspecified,unspecified,unspecified,unspecified,unspecified,unspecified,CHANGE_STATEMENT,CHANGE_RATE_ONLY,INFORMATIONAL_ONLY,True,,,,,,,,,,,,,,,
BENCH-0294,MRP.JO,2025-11-20 07:05,average trading space by 3.5%. New stores across the group’s portfolio continue to deliver strong returns.,"Cash sales increased 5.6% and constituted 88.2% of retail sales. Credit sales grew 4.3%, driven primarily by existing account",holders and the group approved 22.6% of new account applications. The latest Transunion Consumer Credit Index has,"[""5.6%"", ""88.2%"", ""4.3%""]",retail sales,retail_sales,unspecified,unspecified,unspecified,unspecified,unspecified,unspecified,unspecified,CHANGE_STATEMENT,CHANGE_RATE_ONLY,INFORMATIONAL_ONLY,True,,,,,,,,,,,,,,,
BENCH-0295,MRP.JO,2025-11-20 07:05,Profit from operating activities increased 5.7% to R2.1bn. Effective cost control initiatives ensured total expense growth was,"contained at 5.6%, despite trading space growth. Operating margin increased 10bps to 11.5% of retail sales and other",revenue. The group’s operating margin in H1 is typically seasonally lower than H2.,"[""5.6%"", ""10"", ""11.5%""]",operating margin,operating_margin,unspecified,unspecified,unspecified,unspecified,unspecified,accounting_revenue,unspecified,CHANGE_STATEMENT,CHANGE_RATE_TO_LEVEL,INFORMATIONAL_ONLY,False,,,,,,,,,,,,,,,
BENCH-0296,MRP.JO,2025-11-20 07:05,Profit from operating activities increased 5.7% to R2.1bn. Effective cost control initiatives ensured total expense growth was,"contained at 5.6%, despite trading space growth. Operating margin increased 10bps to 11.5% of retail sales and other",revenue. The group’s operating margin in H1 is typically seasonally lower than H2.,"[""5.6%"", ""10"", ""11.5%""]",retail sales,retail_sales,unspecified,unspecified,unspecified,unspecified,unspecified,unspecified,unspecified,CHANGE_STATEMENT,CHANGE_RATE_TO_LEVEL,INFORMATIONAL_ONLY,False,,,,,,,,,,,,,,,
BENCH-0297,MRP.JO,2025-11-20 07:05,"contained at 5.6%, despite trading space growth. Operating margin increased 10bps to 11.5% of retail sales and other",revenue. The group’s operating margin in H1 is typically seasonally lower than H2.,Segmental performance,[],operating margin,operating_margin,unspecified,unspecified,unspecified,unspecified,unspecified,accounting_revenue,unspecified,CONCEPT_MENTION_ONLY,UNKNOWN,INFORMATIONAL_ONLY,True,,,,,,,,,,,,,,,
BENCH-0298,MRP.JO,2025-11-20 07:05,Segmental performance,Retail sales growth      Cont. to retail sales,H1 FY2026 vs H1 FY2025,[],retail sales,retail_sales,unspecified,unspecified,unspecified,unspecified,unspecified,unspecified,unspecified,CONCEPT_MENTION_ONLY,UNKNOWN,INFORMATIONAL_ONLY,True,,,,,,,,,,,,,,,
BENCH-0299,MRP.JO,2025-11-20 07:05,Segmental performance,Retail sales growth      Cont. to retail sales,H1 FY2026 vs H1 FY2025,[],retail sales,retail_sales,unspecified,unspecified,unspecified,unspecified,unspecified,unspecified,unspecified,CONCEPT_MENTION_ONLY,UNKNOWN,INFORMATIONAL_ONLY,True,,,,,,,,,,,,,,,
BENCH-0300,MRP.JO,2025-11-20 07:05,Total group                                       5.5%,"Retail sales for the Apparel segment increased 5.3% to R14.0bn, outperforming the comparable market’s (RLC) sales growth","of 4.7% and comparable store sales grew 1.7%. In Q2, retail sales growth slowed for the segment and the comparable","[""5.3%"", ""R14.0bn""]",retail sales,retail_sales,unspecified,unspecified,unspecified,unspecified,unspecified,unspecified,unspecified,CHANGE_STATEMENT,CHANGE_RATE_TO_LEVEL,INFORMATIONAL_ONLY,False,,,,,,,,,,,,,,,
